Scrip,Open,High,Low,Close,Volume,Date,Price_Change,MA_7,Pct_Change
1STPRIMFMF,14.7,14.7,14.6,14.6,79116,2023-01-31,,,
1STPRIMFMF,16.4,16.4,16.4,16.4,512,2023-01-01,1.799999999999999,,12.328767123287655
AAMRANET,52.8,52.8,49.7,50.3,1051934,2023-01-01,-17.0,,-25.26002971768202
AAMRATECH,36.7,36.7,35.2,35.3,781597,2023-01-31,-15.0,,-29.821073558648116
AAMRATECH,40.5,41.1,38.9,39.0,289417,2023-01-01,3.700000000000003,,10.481586402266307
ABBANK,9.9,9.9,9.9,9.9,5696,2023-01-31,-29.1,33.25714285714285,-74.61538461538461
ABBANK,9.9,9.9,9.9,9.9,1681,2023-01-01,0.0,32.58571428571428,0.0
ACFL,26.5,26.5,26.5,26.5,250,2023-01-31,16.6,34.028571428571425,167.67676767676764
ACFL,26.5,26.5,26.5,26.5,101,2023-01-01,0.0,28.199999999999996,0.0
ACI,260.2,260.2,260.2,260.2,256,2023-01-31,233.7,58.185714285714276,881.8867924528302
ACI,260.2,260.2,260.2,260.2,4,2023-01-01,0.0,90.31428571428572,0.0
ACIFORMULA,155.0,155.0,155.0,155.0,21742,2023-01-31,-105.19999999999999,106.88571428571429,-40.4304381245196
ACIFORMULA,155.0,155.0,155.0,155.0,6,2023-01-01,0.0,127.61428571428571,0.0
ACMELAB,85.0,85.0,85.0,85.0,201028,2023-01-31,-70.0,138.34285714285716,-45.16129032258065
ACMELAB,85.0,85.0,85.0,85.0,3279,2023-01-01,0.0,146.70000000000002,0.0
ACMEPL,35.4,35.4,35.4,35.4,1700,2023-01-31,-49.6,147.97142857142856,-58.35294117647059
ACMEPL,35.4,35.4,35.4,35.4,1001,2023-01-01,0.0,115.85714285714286,0.0
ADNTEL,118.8,119.1,113.9,115.0,310461,2023-01-31,79.6,95.11428571428571,224.85875706214688
ADNTEL,113.0,115.0,109.2,110.6,208956,2023-01-01,-4.400000000000006,88.77142857142857,-3.826086956521746
ADVENT,24.0,24.6,23.9,24.4,851221,2023-01-31,-86.19999999999999,70.11428571428571,-77.93851717902352
ADVENT,25.5,25.8,24.3,24.5,1506499,2023-01-01,0.10000000000000142,61.471428571428575,0.4098360655737654
AFTABAUTO,24.5,24.5,24.5,24.5,5932,2023-01-31,0.0,52.82857142857143,0.0
AFTABAUTO,24.5,24.5,24.5,24.5,15958,2023-01-01,0.0,51.27142857142858,0.0
AGNISYSL,23.9,24.4,23.8,23.9,1380842,2023-01-31,-0.6000000000000014,49.628571428571426,-2.448979591836742
AGNISYSL,23.2,23.2,22.8,22.8,202592,2023-01-01,-1.0999999999999979,36.457142857142856,-4.602510460251041
AGRANINS,38.9,38.9,38.9,38.9,26155,2023-01-31,16.099999999999998,26.214285714285715,70.61403508771929
AGRANINS,36.7,36.7,36.7,36.7,1320,2023-01-01,-2.1999999999999957,27.97142857142857,-5.655526992287907
AIBL1STIMF,7.7,7.7,7.7,7.7,1056,2023-01-31,-29.000000000000004,25.571428571428573,-79.01907356948229
AIBL1STIMF,7.4,7.4,7.4,7.4,1700,2023-01-01,-0.2999999999999998,23.12857142857143,-3.8961038961038974
ALARABANK,23.6,23.6,23.6,23.6,3000,2023-01-31,16.200000000000003,23.0,218.9189189189189
ALARABANK,23.6,23.6,23.6,23.6,5151,2023-01-01,0.0,22.95714285714286,0.0
ALLTEX,19.4,19.4,19.4,19.4,1250,2023-01-31,-4.200000000000003,22.47142857142857,-17.796610169491533
ALLTEX,23.4,23.4,23.4,23.4,1,2023-01-01,4.0,20.25714285714286,20.618556701030922
AMBEEPHA,465.2,477.5,462.1,462.2,3215,2023-01-31,438.8,81.04285714285713,1875.2136752136753
AMBEEPHA,552.0,552.0,508.6,508.6,1131,2023-01-01,46.400000000000034,152.6,10.038944180008658
AMCL(PRAN),235.3,236.8,235.3,235.3,11820,2023-01-31,-273.3,185.15714285714287,-53.735745182854885
AMCL(PRAN),268.0,268.0,263.0,263.0,7376,2023-01-01,27.69999999999999,219.35714285714286,11.772205694857618
ANLIMAYARN,31.7,31.7,31.7,31.7,524,2023-01-31,-231.3,220.51428571428573,-87.9467680608365
ANLIMAYARN,35.3,35.3,35.3,35.3,4,2023-01-01,3.599999999999998,222.78571428571428,11.356466876971606
ANWARGALV,213.3,213.3,213.3,213.3,6470,2023-01-31,178.0,249.91428571428574,504.2492917847026
ANWARGALV,237.1,240.0,225.0,225.6,134128,2023-01-01,12.299999999999983,216.11428571428573,5.766526019690565
AOL,36.5,36.5,36.5,36.5,1000,2023-01-31,-189.1,148.67142857142858,-83.8209219858156
AOL,36.5,36.5,36.5,36.5,5,2023-01-01,0.0,120.27142857142857,0.0
APEXFOODS,276.6,283.9,276.6,276.6,93695,2023-01-31,240.10000000000002,122.21428571428571,657.8082191780823
APEXFOODS,302.9,302.9,295.5,295.5,62413,2023-01-01,18.899999999999977,159.9,6.832971800433829
APEXFOOT,257.5,257.5,257.5,257.5,1493,2023-01-31,-38.0,191.64285714285714,-12.859560067681898
APEXFOOT,267.9,269.5,262.5,263.8,48580,2023-01-01,6.300000000000011,198.85714285714286,2.4466019417475726
APEXSPINN,115.9,115.9,111.0,111.1,16498,2023-01-31,-152.70000000000002,182.5,-57.884761182714186
APEXSPINN,123.6,123.6,123.6,123.6,1993,2023-01-01,12.5,194.94285714285712,11.25112511251125
APEXTANRY,103.0,103.0,103.0,103.0,1053,2023-01-31,-20.599999999999994,204.44285714285712,-16.666666666666664
APEXTANRY,122.7,122.7,122.7,122.7,102,2023-01-01,19.700000000000003,182.45714285714286,19.12621359223301
ARAMIT,266.1,268.3,266.1,266.1,5614,2023-01-31,143.40000000000003,178.25714285714284,116.87041564792176
ARAMIT,288.3,292.2,287.3,287.6,7149,2023-01-01,21.5,182.55714285714288,8.079669297256675
ARAMITCEM,25.5,25.5,25.5,25.5,1,2023-01-31,-262.1,148.51428571428573,-91.13351877607788
ARAMITCEM,29.9,29.9,29.9,29.9,1,2023-01-01,4.399999999999999,136.91428571428574,17.25490196078432
ASIAINS,51.3,52.6,51.3,52.1,369153,2023-01-31,22.200000000000003,126.70000000000002,74.247491638796
ASIAINS,48.9,49.2,48.9,48.9,114631,2023-01-01,-3.200000000000003,118.97142857142858,-6.142034548944341
ASIAPACINS,47.9,47.9,47.9,47.9,13911,2023-01-31,-1.0,108.28571428571429,-2.0449897750511203
ASIAPACINS,41.6,42.0,41.2,41.2,75756,2023-01-01,-6.699999999999996,76.15714285714286,-13.987473903966585
AZIZPIPES,86.7,86.7,86.7,86.7,27981,2023-01-31,45.5,47.457142857142856,110.4368932038835
AZIZPIPES,96.8,96.8,96.7,96.7,7154,2023-01-01,10.0,57.628571428571426,11.534025374855815
BANGAS,107.1,109.6,106.1,108.7,16665,2023-01-31,12.0,68.88571428571429,12.409513960703201
BANGAS,120.5,120.5,120.5,120.5,752,2023-01-01,11.799999999999997,78.65714285714286,10.855565777368902
BATASHOE,950.1,950.1,950.1,950.1,100,2023-01-31,829.6,207.40000000000003,688.4647302904565
BATASHOE,962.0,962.0,946.0,948.0,500,2023-01-01,-2.1000000000000227,335.9857142857143,-0.2210293653299722
BATBC,518.7,518.7,518.7,518.7,1730,2023-01-31,-429.29999999999995,404.2,-45.28481012658227
BATBC,518.7,518.7,518.7,518.7,813,2023-01-01,0.0,465.9142857142857,0.0
BAYLEASING,23.9,23.9,23.9,23.9,52,2023-01-31,-494.80000000000007,455.5142857142858,-95.39232697127434
BAYLEASING,23.9,23.9,23.9,23.9,250,2023-01-01,0.0,443.40000000000003,0.0
BBS,21.6,21.6,21.6,21.6,600,2023-01-31,-2.299999999999997,429.27142857142866,-9.623430962343082
BBS,21.6,21.6,21.6,21.6,592,2023-01-01,0.0,296.62857142857143,0.0
BBSCABLES,49.9,49.9,49.9,49.9,781,2023-01-31,28.299999999999997,168.32857142857142,131.0185185185185
BBSCABLES,49.9,49.9,49.9,49.9,4942,2023-01-01,0.0,101.35714285714286,0.0
BDAUTOCA,124.7,124.7,119.5,121.3,18639,2023-01-31,71.4,44.58571428571429,143.08617234468937
BDAUTOCA,142.7,142.7,142.7,142.7,3563,2023-01-01,21.39999999999999,61.55714285714286,17.642209398186303
BDCOM,43.0,43.5,43.0,43.0,445786,2023-01-31,-99.69999999999999,64.28571428571429,-69.86685353889278
BDCOM,37.7,38.2,37.3,37.3,457767,2023-01-01,-5.700000000000003,66.52857142857142,-13.255813953488381
BDLAMPS,252.2,252.2,252.2,252.2,100,2023-01-31,214.89999999999998,99.47142857142856,576.1394101876676
BDLAMPS,257.9,257.9,252.3,252.5,27884,2023-01-01,0.30000000000001137,128.4142857142857,0.11895321173671647
BDTHAI,14.7,14.7,14.7,14.7,22786,2023-01-31,-237.8,123.38571428571429,-94.17821782178217
BDTHAI,16.4,16.4,16.4,16.4,760,2023-01-01,1.6999999999999993,108.39999999999999,11.564625850340127
BDTHAIFOOD,38.7,39.3,38.2,38.4,293605,2023-01-31,22.0,93.5,134.14634146341467
BDTHAIFOOD,49.9,50.1,48.3,48.5,455483,2023-01-01,10.100000000000001,94.28571428571429,26.30208333333335
BDWELDING,32.2,32.2,29.1,29.7,1291794,2023-01-31,-18.8,93.2,-38.76288659793815
BDWELDING,27.5,28.0,27.1,27.4,70035,2023-01-01,-2.3000000000000007,61.08571428571429,-7.744107744107742
BEACHHATCH,33.1,33.1,33.1,33.1,33571,2023-01-31,5.700000000000003,29.74285714285714,20.80291970802921
BEACHHATCH,39.7,39.7,39.7,39.7,55,2023-01-01,6.600000000000001,33.31428571428572,19.939577039274937
BEACONPHAR,322.0,322.0,302.0,308.6,151479,2023-01-31,268.90000000000003,75.05714285714286,677.3299748110832
BEACONPHAR,304.5,304.5,282.1,284.0,35311,2023-01-01,-24.600000000000023,110.14285714285714,-7.971484121840577
BENGALWTL,36.9,36.9,35.6,35.8,671621,2023-01-31,-248.2,108.32857142857144,-87.3943661971831
BERGERPBL,1720.0,1739.0,1720.0,1737.1,1033,2023-01-31,1706.3999999999999,352.7142857142857,5558.306188925081
BERGERPBL,1726.9,1726.9,1717.0,1725.2,261,2023-01-01,-11.899999999999864,594.4428571428572,-0.6850497956363943
BEXGSUKUK,85.0,85.5,85.0,85.5,8476,2023-01-31,-1639.7,600.9857142857144,-95.04405286343612
BEXGSUKUK,86.5,86.5,86.0,86.5,3760,2023-01-01,1.0,569.2571428571429,1.1695906432748648
BEXIMCO,115.6,115.6,115.6,115.6,2571,2023-01-31,29.099999999999994,545.2,33.641618497109825
BEXIMCO,115.6,115.6,115.6,115.6,792,2023-01-01,0.0,556.6,0.0
BGIC,68.4,70.0,67.8,69.4,218732,2023-01-31,-46.19999999999999,562.1285714285715,-39.96539792387542
BGIC,61.4,63.7,61.4,62.8,92537,2023-01-01,-6.6000000000000085,322.9428571428571,-9.510086455331423
BNICL,61.7,61.7,60.5,61.1,169273,2023-01-31,-1.6999999999999957,85.21428571428571,-2.7070063694267454
BNICL,58.2,58.2,56.9,57.0,78812,2023-01-01,-4.100000000000001,81.14285714285714,-6.710310965630118
BPML,77.7,77.7,73.1,73.5,1294303,2023-01-01,-11.200000000000003,74.87142857142855,-13.223140495867769
BRACBANK,38.5,38.5,38.5,38.5,1291,2023-01-31,-35.0,63.857142857142854,-47.61904761904761
BRACBANK,38.5,38.5,38.5,38.5,1953,2023-01-01,0.0,59.44285714285714,0.0
BSC,128.5,130.0,122.6,123.3,1589305,2023-01-31,84.8,68.08571428571429,220.25974025974025
BSC,115.9,116.5,112.8,113.2,458165,2023-01-01,-10.099999999999994,75.52857142857144,-8.191403081914029
BSCCL,218.9,218.9,218.9,218.9,1462,2023-01-31,105.7,98.65714285714286,93.37455830388693
BSCCL,218.9,218.9,218.9,218.9,181,2023-01-01,0.0,117.82857142857144,0.0
BSRMLTD,90.0,90.0,90.0,90.0,258,2023-01-31,-128.9,120.18571428571428,-58.88533576975787
BSRMLTD,90.0,90.0,90.0,90.0,208,2023-01-01,0.0,127.54285714285713,0.0
BSRMSTEEL,63.9,63.9,63.9,63.9,350,2023-01-31,-26.1,131.17142857142855,-29.000000000000004
BSRMSTEEL,63.9,63.9,63.9,63.9,1049,2023-01-01,0.0,122.68571428571428,0.0
BXPHARMA,146.2,146.2,146.2,146.2,37555,2023-01-31,82.29999999999998,127.39999999999999,128.79499217527385
BXPHARMA,146.2,147.0,146.2,146.2,74794,2023-01-01,0.0,117.0142857142857,0.0
CAPMIBBLMF,11.5,11.5,11.5,11.5,2125,2023-01-31,-134.7,87.38571428571429,-92.13406292749657
CAPMIBBLMF,13.7,13.7,13.7,13.7,3,2023-01-01,2.1999999999999993,76.48571428571428,19.130434782608695
CENTRALINS,39.8,39.8,39.5,39.5,8802,2023-01-31,25.8,69.27142857142857,188.3211678832117
CENTRALINS,35.4,35.4,35.4,35.4,2702,2023-01-01,-4.100000000000001,65.2,-10.379746835443038
CENTRALPHL,11.2,11.2,11.2,11.2,19150,2023-01-31,-24.2,57.67142857142857,-68.36158192090396
CENTRALPHL,11.8,11.8,11.8,11.8,4201,2023-01-01,0.6000000000000014,38.471428571428575,5.35714285714286
CITYBANK,21.8,21.8,21.8,21.8,5248,2023-01-31,10.0,20.7,84.7457627118644
CITYBANK,21.8,21.8,21.8,21.8,15341,2023-01-01,0.0,22.17142857142857,0.0
CITYGENINS,32.1,32.1,32.1,32.1,10183,2023-01-31,10.3,24.800000000000004,47.24770642201834
CITYGENINS,25.7,26.0,25.7,25.7,75441,2023-01-01,-6.400000000000002,22.82857142857143,-19.937694704049846
CLICL,67.4,68.9,67.4,67.4,650284,2023-01-31,41.7,27.400000000000002,162.25680933852144
CLICL,61.6,61.8,60.8,60.8,465024,2023-01-01,-6.6000000000000085,34.48571428571428,-9.792284866468858
CONFIDCEM,89.0,89.0,89.0,89.0,262,2023-01-31,28.200000000000003,45.51428571428572,46.38157894736843
CONFIDCEM,89.0,89.0,89.0,89.0,6255,2023-01-01,0.0,55.114285714285714,0.0
CONTININS,33.1,33.3,33.1,33.1,28413,2023-01-31,-55.9,56.72857142857142,-62.80898876404495
CONTININS,30.6,31.1,30.0,30.0,40642,2023-01-01,-3.1000000000000014,56.42857142857143,-9.365558912386707
COPPERTECH,36.9,36.9,36.9,36.9,100,2023-01-31,6.899999999999999,58.028571428571425,23.0
COPPERTECH,36.9,36.9,36.9,36.9,530,2023-01-01,0.0,53.67142857142857,0.0
CRYSTALINS,41.3,41.3,41.3,41.3,4260,2023-01-31,4.399999999999999,50.885714285714286,11.924119241192411
CRYSTALINS,40.3,40.4,39.9,39.9,20462,2023-01-01,-1.3999999999999986,43.87142857142857,-3.3898305084745783
DACCADYE,15.1,15.1,15.1,15.1,206,2023-01-31,-24.799999999999997,33.31428571428571,-62.15538847117794
DACCADYE,17.3,17.3,17.3,17.3,100,2023-01-01,2.200000000000001,31.057142857142853,14.569536423841068
DBH,57.8,57.8,57.8,57.8,9398,2023-01-31,40.5,35.028571428571425,234.10404624277453
DBH,57.8,57.8,57.8,57.8,2,2023-01-01,0.0,38.01428571428572,0.0
DELTALIFE,136.5,136.5,136.5,136.5,37891,2023-01-31,78.7,52.24285714285714,136.15916955017303
DELTALIFE,136.5,136.5,136.5,136.5,2407,2023-01-01,0.0,65.84285714285714,0.0
DELTASPINN,8.5,8.5,8.5,8.5,11,2023-01-31,-128.0,61.357142857142854,-93.77289377289377
DELTASPINN,8.5,8.5,8.5,8.5,5010,2023-01-01,0.0,60.41428571428571,0.0
DESHBANDHU,17.4,17.4,17.4,17.4,2909,2023-01-31,8.899999999999999,60.42857142857142,104.70588235294116
DESHBANDHU,17.9,17.9,17.9,17.9,102,2023-01-01,0.5,54.728571428571435,2.8735632183908066
DGIC,33.1,33.1,33.1,33.1,58006,2023-01-31,15.200000000000003,51.199999999999996,84.91620111731845
DGIC,32.5,32.7,32.2,32.2,98356,2023-01-01,-0.8999999999999986,36.3,-2.7190332326283984
DHAKABANK,13.2,13.4,13.2,13.2,118947,2023-01-31,-19.000000000000004,18.685714285714287,-59.00621118012423
DHAKABANK,13.2,13.2,13.2,13.2,18423,2023-01-01,0.0,19.357142857142858,0.0
DHAKAINS,66.2,66.2,66.2,66.2,111471,2023-01-31,53.0,27.599999999999998,401.51515151515156
DHAKAINS,47.5,47.5,47.5,47.5,1711,2023-01-01,-18.700000000000003,31.900000000000002,-28.247734138972813
DOMINAGE,18.1,18.1,18.1,18.1,17976,2023-01-31,-29.4,31.928571428571434,-61.89473684210526
DOMINAGE,20.8,20.8,20.8,20.8,250033,2023-01-01,2.6999999999999993,30.17142857142857,14.917127071823199
DOREENPWR,61.0,61.0,61.0,61.0,254,2023-01-31,40.2,34.285714285714285,193.26923076923075
DOREENPWR,61.0,61.0,61.0,61.0,1015,2023-01-01,0.0,41.114285714285714,0.0
DSHGARME,110.8,110.8,110.8,110.8,1044,2023-01-31,49.8,55.05714285714286,81.63934426229508
DSHGARME,141.9,141.9,141.9,141.9,1731,2023-01-01,31.10000000000001,65.87142857142858,28.068592057761734
DULAMIACOT,69.4,69.4,69.4,69.4,5,2023-01-31,-72.5,69.0,-51.09231853417899
DULAMIACOT,72.3,72.3,72.3,72.3,1,2023-01-01,2.8999999999999915,76.74285714285715,4.17867435158501
DUTCHBANGL,62.6,62.6,62.6,62.6,132,2023-01-31,-9.699999999999996,82.71428571428571,-13.41632088520055
DUTCHBANGL,62.6,62.6,62.6,62.6,20648,2023-01-01,0.0,82.94285714285715,0.0
EASTERNINS,54.1,54.1,54.1,54.1,33510,2023-01-31,-8.5,81.95714285714287,-13.57827476038339
EASTERNINS,48.7,48.7,48.7,48.7,1562,2023-01-01,-5.399999999999999,73.08571428571427,-9.981515711645095
EASTLAND,26.7,26.7,26.7,26.7,109,2023-01-31,-22.000000000000004,56.62857142857143,-45.17453798767968
EASTLAND,24.2,24.2,24.2,24.2,2892,2023-01-01,-2.5,50.17142857142857,-9.363295880149813
EASTRNLUB,1674.0,1674.0,1610.0,1645.3,13366,2023-01-31,1621.1,274.8857142857143,6698.760330578513
EASTRNLUB,1589.0,1589.0,1589.0,1589.0,165,2023-01-01,-56.299999999999955,492.9428571428572,-3.4218683522761806
EBL,31.8,31.8,31.8,31.8,4542,2023-01-31,-1557.2,488.54285714285714,-97.99874134675896
EBL,31.8,31.8,31.8,31.8,636,2023-01-01,0.0,485.35714285714283,0.0
ECABLES,202.5,206.0,196.0,199.5,160015,2023-01-31,167.7,506.90000000000003,527.3584905660377
ECABLES,195.7,198.4,187.1,189.3,30531,2023-01-01,-10.199999999999989,530.1285714285715,-5.112781954887213
EGEN,53.7,53.8,51.6,52.1,165768,2023-01-31,-137.20000000000002,534.1142857142858,-72.47754886423667
EGEN,51.9,52.4,49.5,49.9,114716,2023-01-01,-2.200000000000003,306.19999999999993,-4.222648752399238
EHL,80.9,80.9,76.4,76.7,553280,2023-01-01,-31.700000000000003,101.10000000000001,-29.243542435424352
EIL,28.0,28.0,28.0,28.0,11972,2023-01-31,-48.7,100.55714285714285,-63.4941329856584
EIL,27.1,27.1,27.1,27.1,1223,2023-01-01,-0.8999999999999986,75.92857142857143,-3.214285714285714
EMERALDOIL,28.6,28.6,28.6,28.6,14337,2023-01-31,1.5,52.97142857142858,5.535055350553497
EMERALDOIL,34.6,34.6,34.6,34.6,200,2023-01-01,6.0,50.471428571428575,20.97902097902098
EPGL,34.5,34.5,34.5,34.5,5,2023-01-31,-0.10000000000000142,48.271428571428565,-0.28901734104046506
EPGL,34.5,34.5,34.5,34.5,182,2023-01-01,0.0,37.714285714285715,0.0
EXIMBANK,10.4,10.4,10.4,10.4,6676,2023-01-31,-24.1,28.242857142857144,-69.85507246376812
EXIMBANK,10.4,10.4,10.4,10.4,2493,2023-01-01,0.0,25.728571428571428,0.0
FAMILYTEX,4.9,4.9,4.9,4.9,6,2023-01-31,-5.5,22.557142857142857,-52.88461538461539
FAMILYTEX,4.9,4.9,4.9,4.9,10502,2023-01-01,0.0,19.17142857142857,0.0
FARCHEM,10.6,10.6,10.6,10.6,6139,2023-01-31,5.699999999999999,15.742857142857144,116.32653061224487
FARCHEM,10.6,10.6,10.6,10.6,725,2023-01-01,0.0,12.328571428571427,0.0
FAREASTLIF,81.7,84.7,81.7,82.1,439038,2023-01-31,71.5,19.12857142857143,674.5283018867924
FAREASTLIF,75.0,75.0,75.0,75.0,20,2023-01-01,-7.099999999999994,28.357142857142858,-8.64799025578562
FBFIF,5.0,5.0,5.0,5.0,608400,2023-01-31,-70.0,27.585714285714285,-93.33333333333333
FBFIF,5.0,5.0,5.0,5.0,261872,2023-01-01,0.0,27.6,0.0
FEDERALINS,25.5,25.7,25.5,25.5,26272,2023-01-31,20.5,30.542857142857144,409.99999999999994
FEDERALINS,24.6,24.6,24.6,24.6,1072,2023-01-01,-0.8999999999999986,32.542857142857144,-3.529411764705881
FEKDIL,17.2,17.2,17.2,17.2,700,2023-01-31,-7.400000000000002,33.48571428571429,-30.081300813008138
FEKDIL,17.2,17.2,17.2,17.2,479,2023-01-01,0.0,24.214285714285715,0.0
FINEFOODS,57.7,57.7,57.7,57.7,19817,2023-01-31,40.5,21.742857142857144,235.46511627906978
FINEFOODS,62.9,62.9,60.3,60.7,87782,2023-01-01,3.0,29.700000000000006,5.199306759098787
FIRSTSBANK,9.8,9.8,9.8,9.8,3311,2023-01-31,-50.900000000000006,30.38571428571429,-83.85502471169687
FIRSTSBANK,9.8,9.8,9.8,9.8,2837,2023-01-01,0.0,28.142857142857146,0.0
FORTUNE,75.7,75.7,75.7,75.7,1,2023-01-31,65.9,35.44285714285714,672.4489795918367
FORTUNE,75.7,75.7,75.7,75.7,464,2023-01-01,0.0,43.800000000000004,0.0
GBBPOWER,17.0,17.0,17.0,17.0,5438,2023-01-31,-58.7,43.77142857142858,-77.54293262879789
GBBPOWER,19.2,19.2,19.2,19.2,12,2023-01-01,2.1999999999999993,38.27142857142858,12.941176470588234
GEMINISEA,428.0,432.6,411.9,416.3,372521,2023-01-31,397.1,89.07142857142857,2068.229166666667
GEMINISEA,370.0,371.8,355.0,358.2,63887,2023-01-01,-58.10000000000002,138.84285714285716,-13.95628152774442
GENEXIL,81.8,81.9,78.1,78.6,1090886,2023-01-01,-22.30000000000001,152.27142857142857,-22.10109018830526
GENNEXT,6.0,6.0,6.0,6.0,126103,2023-01-31,-72.6,142.31428571428572,-92.36641221374046
GENNEXT,6.0,6.0,6.0,6.0,2946,2023-01-01,0.0,140.74285714285716,0.0
GHCL,35.1,35.1,35.1,35.1,1,2023-01-31,29.1,143.0142857142857,485.00000000000006
GHCL,35.1,35.1,35.1,35.1,1,2023-01-01,0.0,88.55714285714286,0.0
GIB,9.0,9.0,9.0,9.0,6917,2023-01-31,-26.1,38.67142857142858,-74.35897435897436
GIB,9.0,9.0,9.0,9.0,7417,2023-01-01,0.0,25.54285714285715,0.0
GLDNJMF,9.9,9.9,9.9,9.9,10,2023-01-31,0.9000000000000004,15.728571428571438,10.000000000000009
GLDNJMF,9.9,9.9,9.9,9.9,1000,2023-01-01,0.0,16.285714285714295,0.0
GLOBALINS,33.9,33.9,33.9,33.9,8331,2023-01-31,24.0,20.27142857142858,242.42424242424238
GLOBALINS,30.9,30.9,30.9,30.9,1911,2023-01-01,-3.0,19.67142857142858,-8.849557522123897
GOLDENSON,18.2,18.2,18.2,18.2,1,2023-01-31,-12.7,17.257142857142863,-41.10032362459547
GOLDENSON,18.2,18.2,18.2,18.2,100,2023-01-01,0.0,18.57142857142858,0.0
GP,286.6,286.6,286.6,286.6,9125,2023-01-31,268.40000000000003,58.22857142857144,1474.725274725275
GP,286.6,286.6,286.6,286.6,1154,2023-01-01,0.0,97.75714285714288,0.0
GPHISPAT,44.8,44.8,44.8,44.8,3331,2023-01-31,-241.8,102.74285714285716,-84.36845778087928
GPHISPAT,44.8,44.8,44.8,44.8,248,2023-01-01,0.0,104.3,0.0
GQBALLPEN,91.8,91.8,89.5,89.7,9944,2023-01-31,44.900000000000006,112.70000000000002,100.22321428571432
GQBALLPEN,98.4,100.9,97.3,97.3,16438,2023-01-01,7.599999999999994,124.00000000000001,8.472686733556301
GREENDELT,68.5,71.5,68.5,68.6,63523,2023-01-31,-28.700000000000003,131.20000000000002,-29.496402877697847
GREENDELT,65.1,65.1,65.1,65.1,710,2023-01-01,-3.5,99.55714285714286,-5.102040816326536
HAKKANIPUL,53.9,54.5,53.9,54.1,42324,2023-01-31,-10.999999999999993,66.34285714285714,-16.897081413210437
HAKKANIPUL,59.0,59.2,58.5,58.5,47330,2023-01-01,4.399999999999999,68.3,8.13308687615526
HFL,19.4,19.4,19.4,19.4,2126,2023-01-31,-39.1,64.67142857142858,-66.83760683760684
HFL,21.0,21.0,21.0,21.0,23,2023-01-01,1.6000000000000014,54.857142857142854,8.247422680412386
HWAWELLTEX,45.3,46.0,45.1,45.1,23437,2023-01-31,24.1,47.40000000000001,114.76190476190476
HWAWELLTEX,45.0,45.3,45.0,45.2,25770,2023-01-01,0.10000000000000142,44.057142857142864,0.22172949002217113
IBNSINA,286.6,286.6,286.6,286.6,2435,2023-01-31,241.40000000000003,75.70000000000002,534.070796460177
IBNSINA,286.6,286.6,286.6,286.6,850,2023-01-01,0.0,108.91428571428573,0.0
IBP,19.0,19.0,19.0,19.0,178,2023-01-31,-267.6,103.27142857142859,-93.37055129099791
IBP,16.4,16.4,16.4,16.4,12245,2023-01-01,-2.6000000000000014,102.84285714285716,-13.684210526315798
ICB,87.6,87.6,87.6,87.6,273,2023-01-31,71.19999999999999,112.35714285714288,434.1463414634147
ICB,87.6,87.6,87.6,87.6,1000,2023-01-01,0.0,118.42857142857144,0.0
ICBIBANK,5.4,5.4,5.4,5.4,1,2023-01-31,-82.19999999999999,112.74285714285716,-93.83561643835617
ICBIBANK,5.4,5.4,5.4,5.4,510,2023-01-01,0.0,72.57142857142858,0.0
ICICL,40.4,40.4,40.4,40.4,6032,2023-01-31,35.0,37.40000000000001,648.148148148148
ICICL,30.9,30.9,30.9,30.9,693,2023-01-01,-9.5,39.10000000000001,-23.51485148514851
IDLC,46.5,46.5,46.5,46.5,2241,2023-01-31,15.600000000000001,43.40000000000001,50.48543689320388
IDLC,46.5,46.5,46.5,46.5,3802,2023-01-01,0.0,37.52857142857143,0.0
IFADAUTOS,44.1,44.1,44.1,44.1,23,2023-01-31,-2.3999999999999986,31.31428571428572,-5.161290322580648
IFADAUTOS,44.1,44.1,44.1,44.1,8100,2023-01-01,0.0,36.84285714285715,0.0
IFIC,11.5,11.5,11.5,11.5,162216,2023-01-31,-32.6,37.71428571428572,-73.92290249433107
IFIC,11.5,11.5,11.5,11.5,96019,2023-01-01,0.0,33.585714285714296,0.0
IMAMBUTTON,96.8,96.8,96.8,96.8,1,2023-01-31,85.3,43.00000000000001,741.7391304347825
IMAMBUTTON,119.4,119.4,119.4,119.4,3,2023-01-01,22.60000000000001,53.414285714285725,23.347107438016536
INDEXAGRO,103.6,103.6,103.6,103.6,90,2023-01-31,-15.800000000000011,61.57142857142858,-13.232830820770525
INDEXAGRO,103.6,103.6,103.6,103.6,5670,2023-01-01,0.0,70.07142857142857,0.0
INTECH,23.5,23.5,23.5,23.5,2796,2023-01-31,-80.1,67.12857142857145,-77.31660231660231
INTECH,29.0,29.0,29.0,29.0,65,2023-01-01,5.5,69.62857142857145,23.404255319148938
INTRACO,38.0,38.0,37.1,37.2,1404068,2023-01-31,8.200000000000003,73.3,28.27586206896553
IPDC,57.6,57.6,57.6,57.6,1,2023-01-31,17.700000000000003,56.342857142857156,44.36090225563911
IPDC,57.6,57.6,57.6,57.6,12,2023-01-01,0.0,49.77142857142858,0.0
ISLAMIBANK,33.0,33.3,33.0,33.0,25366,2023-01-31,-24.6,39.6857142857143,-42.708333333333336
ISLAMIBANK,33.0,33.4,33.0,33.3,147315,2023-01-01,0.29999999999999716,41.085714285714296,0.9090909090909038
ISLAMIINS,42.5,42.8,42.5,42.5,58423,2023-01-31,9.200000000000003,43.01428571428573,27.62762762762765
ISLAMIINS,39.0,39.7,38.9,39.0,7553,2023-01-01,-3.5,43.27142857142859,-8.235294117647063
ISNLTD,48.0,48.5,48.0,48.0,42772,2023-01-31,9.0,44.42857142857144,23.076923076923084
ISNLTD,51.2,51.2,51.2,51.2,1741,2023-01-01,3.200000000000003,43.51428571428573,6.666666666666665
ITC,34.0,34.0,33.3,33.4,240108,2023-01-01,-4.899999999999999,40.814285714285724,-12.793733681462138
JAMUNABANK,21.3,21.6,21.3,21.4,175752,2023-01-31,-12.0,39.11428571428572,-35.92814371257486
JAMUNABANK,21.3,21.3,21.3,21.3,2000,2023-01-01,-0.09999999999999787,36.085714285714296,-0.4672897196261627
JAMUNAOIL,167.3,174.0,167.3,170.0,130518,2023-01-31,148.7,54.800000000000004,698.1220657276995
JAMUNAOIL,167.3,167.3,167.3,167.3,2102,2023-01-01,-2.6999999999999886,71.84285714285716,-1.5882352941176459
JANATAINS,30.0,30.2,30.0,30.0,65242,2023-01-31,-137.3,68.81428571428572,-82.06814106395697
JANATAINS,28.4,28.4,28.4,28.4,6179,2023-01-01,-1.6000000000000014,67.4,-5.333333333333334
JHRML,82.0,82.0,74.8,79.1,972522,2023-01-31,50.699999999999996,73.92857142857144,178.52112676056336
JHRML,73.7,73.7,71.6,72.0,336604,2023-01-01,-7.099999999999994,81.15714285714286,-8.975979772439945
JMISMDL,255.5,255.5,255.5,255.5,5,2023-01-31,183.5,114.61428571428573,254.86111111111111
JMISMDL,255.5,255.5,255.5,255.5,1761,2023-01-01,0.0,126.82857142857144,0.0
JUTESPINN,265.4,265.4,265.4,265.4,10,2023-01-31,9.899999999999977,140.84285714285713,3.8747553816046887
JUTESPINN,329.9,329.9,329.9,329.9,803,2023-01-01,64.5,183.68571428571428,24.30293896006028
KARNAPHULI,31.3,31.8,31.3,31.3,17360,2023-01-31,-298.59999999999997,184.1,-90.5122764474083
KARNAPHULI,27.4,28.1,27.4,27.4,74514,2023-01-01,-3.900000000000002,176.71428571428572,-12.460063897763584
KAY&QUE,241.7,241.7,235.3,235.3,3446,2023-01-31,207.9,200.04285714285714,758.7591240875913
KAY&QUE,284.9,284.9,263.7,264.5,21562,2023-01-01,29.19999999999999,201.32857142857142,12.409689757756048
KBPPWBIL,11.0,11.0,11.0,11.0,620,2023-01-31,-253.5,166.4,-95.84120982986768
KBPPWBIL,13.2,13.2,13.2,13.2,1251,2023-01-01,2.1999999999999993,130.37142857142857,19.999999999999996
KDSALTD,77.0,77.0,77.0,77.0,4000,2023-01-31,63.8,94.24285714285715,483.33333333333337
KDSALTD,77.0,77.0,77.0,77.0,1,2023-01-01,0.0,100.77142857142859,0.0
KEYACOSMET,6.4,6.4,6.4,6.4,47987,2023-01-31,-70.6,97.77142857142857,-91.68831168831169
KEYACOSMET,6.4,6.4,6.4,6.4,51198,2023-01-01,0.0,65.07142857142857,0.0
KOHINOOR,424.1,434.8,424.0,425.1,30881,2023-01-31,418.70000000000005,88.01428571428572,6542.1875
KOHINOOR,481.6,485.0,451.1,457.1,24909,2023-01-01,32.0,151.74285714285716,7.527640555163484
KPCL,26.6,26.6,26.6,26.6,2,2023-01-31,-430.5,153.65714285714284,-94.18070444104136
KPCL,26.6,26.6,26.6,26.6,501,2023-01-01,0.0,146.45714285714286,0.0
LANKABAFIN,26.0,26.0,26.0,26.0,10445,2023-01-31,-0.6000000000000014,139.17142857142858,-2.2556390977443663
LANKABAFIN,26.0,26.0,26.0,26.0,572,2023-01-01,0.0,141.9714285714286,0.0
LEGACYFOOT,46.7,46.7,46.7,46.7,2230,2023-01-31,20.700000000000003,147.72857142857146,79.61538461538463
LEGACYFOOT,55.7,55.7,55.7,55.7,75,2023-01-01,9.0,94.95714285714287,19.271948608137034
LHBL,64.8,64.8,64.8,64.8,33292,2023-01-31,9.099999999999994,38.91428571428571,16.337522441651696
LHBL,64.8,64.8,64.8,64.8,32836,2023-01-01,0.0,44.371428571428574,0.0
LIBRAINFU,688.7,688.7,688.7,688.7,543,2023-01-31,623.9000000000001,138.95714285714286,962.8086419753087
LIBRAINFU,849.0,849.0,849.0,849.0,16,2023-01-01,160.29999999999995,256.5285714285714,23.275736895600406
LINDEBD,1397.7,1397.7,1397.7,1397.7,47,2023-01-31,548.7,452.4857142857143,64.62897526501767
LINDEBD,1397.7,1397.7,1397.7,1397.7,34,2023-01-01,0.0,645.4857142857144,0.0
LOVELLO,37.9,37.9,37.9,37.9,7665,2023-01-31,-1359.8,642.9428571428572,-97.28840237533089
LOVELLO,37.9,37.9,37.9,37.9,13260,2023-01-01,0.0,639.1000000000001,0.0
LRBDL,35.4,36.7,35.4,36.3,935975,2023-01-31,-1.6000000000000014,635.0285714285714,-4.221635883905018
LRBDL,36.1,36.5,35.5,35.6,402763,2023-01-01,-0.6999999999999957,541.7285714285715,-1.928374655647369
LRGLOBMF1,6.4,6.4,6.4,6.4,13,2023-01-31,-29.200000000000003,421.35714285714295,-82.02247191011236
LRGLOBMF1,6.4,6.4,6.4,6.4,10,2023-01-01,0.0,222.6,0.0
MAKSONSPIN,22.3,22.3,22.3,22.3,21026,2023-01-31,15.9,26.114285714285717,248.4375
MAKSONSPIN,22.3,22.3,22.3,22.3,125,2023-01-01,0.0,23.885714285714283,0.0
MARICO,2421.5,2421.5,2421.5,2421.5,239,2023-01-31,2399.2,364.40000000000003,10758.744394618834
MARICO,2421.5,2421.5,2421.5,2421.5,632,2023-01-01,0.0,705.1428571428571,0.0
MATINSPINN,77.6,77.6,77.6,77.6,200,2023-01-31,-2343.9,711.1428571428572,-96.79537476770597
MATINSPINN,77.6,77.6,77.6,77.6,9,2023-01-01,0.0,721.3142857142857,0.0
MBL1STMF,6.6,6.6,6.6,6.6,25815,2023-01-31,-71.0,721.3428571428573,-91.49484536082474
MBL1STMF,6.6,6.6,6.6,6.6,18506,2023-01-01,0.0,719.1,0.0
MEGCONMILK,33.6,33.6,33.6,33.6,501,2023-01-31,27.0,720.7142857142857,409.0909090909092
MEGCONMILK,40.4,40.4,40.4,40.4,5,2023-01-01,6.799999999999997,380.5571428571429,20.238095238095234
MEGHNACEM,63.0,63.0,63.0,63.0,1159,2023-01-31,22.6,43.628571428571426,55.940594059405946
MEGHNACEM,68.5,68.5,65.0,65.7,29,2023-01-01,2.700000000000003,41.92857142857143,4.285714285714293
MEGHNAINS,35.5,35.5,35.5,35.5,4285,2023-01-31,-30.200000000000003,35.91428571428572,-45.96651445966514
MEGHNAINS,42.4,42.4,42.4,42.4,81,2023-01-01,6.899999999999999,41.028571428571425,19.436619718309856
MEGHNALIFE,92.0,94.7,91.1,91.8,1400599,2023-01-31,49.4,53.199999999999996,116.50943396226414
MEGHNALIFE,64.4,66.0,64.4,65.2,152803,2023-01-01,-26.599999999999994,57.714285714285715,-28.976034858387788
MEGHNAPET,32.4,32.4,32.4,32.4,2,2023-01-31,-32.800000000000004,56.57142857142857,-50.306748466257666
MEGHNAPET,39.0,39.0,39.0,39.0,1,2023-01-01,6.600000000000001,53.142857142857146,20.370370370370374
MERCANBANK,13.6,13.7,13.6,13.7,940037,2023-01-31,-25.3,45.714285714285715,-64.87179487179488
MERCANBANK,13.6,13.6,13.6,13.6,82518,2023-01-01,-0.09999999999999964,42.58571428571428,-0.7299270072992692
MERCINS,33.2,33.2,33.0,33.1,850,2023-01-31,19.5,41.25714285714285,143.3823529411765
MERCINS,31.9,31.9,31.0,31.8,2513,2023-01-01,-1.3000000000000007,32.68571428571429,-3.92749244712991
METROSPIN,46.9,46.9,42.1,42.6,1070082,2023-01-31,10.8,29.45714285714286,33.96226415094339
METROSPIN,42.5,44.1,42.5,43.3,11148,2023-01-01,0.6999999999999957,31.014285714285716,1.6431924882629012
MIDASFIN,11.1,11.1,11.1,11.1,23952,2023-01-31,-32.199999999999996,27.028571428571432,-74.364896073903
MIDASFIN,12.8,12.8,12.8,12.8,1,2023-01-01,1.700000000000001,26.9,15.315315315315313
MIRACLEIND,28.1,28.1,28.1,28.1,7952,2023-01-31,15.3,28.97142857142857,119.53125
MIRACLEIND,32.5,32.5,32.5,32.5,40,2023-01-01,4.399999999999999,28.885714285714283,15.658362989323837
MIRAKHTER,50.8,50.8,50.8,50.8,15520,2023-01-31,18.299999999999997,31.599999999999998,56.30769230769231
MIRAKHTER,50.8,50.8,50.8,50.8,494,2023-01-01,0.0,32.771428571428565,0.0
MITHUNKNIT,16.5,16.5,16.5,16.5,1,2023-01-31,-34.3,28.94285714285714,-67.51968503937007
MITHUNKNIT,18.3,18.3,18.3,18.3,1,2023-01-01,1.8000000000000007,29.971428571428568,10.909090909090914
MJLBD,86.7,86.7,86.7,86.7,6414,2023-01-31,68.4,40.528571428571425,373.7704918032787
MJLBD,86.7,86.7,86.7,86.7,483,2023-01-01,0.0,48.89999999999999,0.0
MONNOAGML,815.0,815.0,794.7,794.8,14798,2023-01-31,708.0999999999999,157.79999999999998,816.7243367935409
MONNOAGML,820.5,828.7,812.3,812.3,35107,2023-01-01,17.5,266.5857142857143,2.2018117765475687
MONNOCERA,100.8,104.1,99.2,103.7,288163,2023-01-31,-708.5999999999999,274.14285714285717,-87.23378062292257
MONNOCERA,122.7,126.8,122.7,124.2,702056,2023-01-01,20.5,289.5285714285714,19.76856316297011
MONOSPOOL,262.0,264.5,255.1,259.4,76309,2023-01-31,135.2,323.97142857142853,108.85668276972625
MONOSPOOL,295.0,295.0,276.4,277.6,64423,2023-01-01,18.200000000000045,351.24285714285713,7.016191210485756
MPETROLEUM,198.6,198.6,198.6,198.6,16185,2023-01-31,-79.00000000000003,367.22857142857134,-28.458213256484154
MPETROLEUM,198.6,198.6,198.6,198.6,191,2023-01-01,0.0,282.0571428571428,0.0
MTB,16.7,16.7,16.6,16.6,2426,2023-01-31,-182.0,168.3857142857143,-91.64149043303121
MTB,16.7,16.9,16.7,16.8,2749,2023-01-01,0.1999999999999993,155.97142857142856,1.2048192771084265
NAVANACNG,22.4,23.0,22.4,22.4,261246,2023-01-31,5.599999999999998,141.42857142857142,33.33333333333333
NAVANACNG,24.0,24.0,24.0,24.0,12833,2023-01-01,1.6000000000000014,107.8,7.14285714285714
NAVANAPHAR,77.6,79.3,77.1,77.6,413415,2023-01-31,53.599999999999994,79.22857142857143,223.3333333333333
NAVANAPHAR,78.5,79.6,75.0,75.6,395022,2023-01-01,-2.0,61.65714285714285,-2.577319587628868
NBL,8.3,8.3,8.3,8.3,1,2023-01-31,-67.3,34.47142857142857,-89.02116402116403
NBL,8.3,8.3,8.3,8.3,582,2023-01-01,0.0,33.285714285714285,0.0
NCCBANK,13.8,13.8,13.8,13.8,103845,2023-01-31,5.5,32.857142857142854,66.26506024096386
NCCBANK,13.8,13.8,13.8,13.8,838,2023-01-01,0.0,31.628571428571426,0.0
NCCBLMF1,7.2,7.2,7.2,7.2,2004,2023-01-31,-6.6000000000000005,29.228571428571424,-47.82608695652174
NCCBLMF1,7.1,7.1,7.1,7.1,2076,2023-01-01,-0.10000000000000053,19.157142857142855,-1.388888888888895
NEWLINE,45.1,45.1,45.1,45.1,37,2023-01-31,38.0,14.799999999999999,535.2112676056339
NEWLINE,45.1,45.1,45.1,45.1,47,2023-01-01,0.0,20.057142857142857,0.0
NFML,14.4,14.4,14.4,14.4,4301,2023-01-31,-30.700000000000003,20.928571428571427,-68.07095343680709
NFML,16.1,16.1,16.1,16.1,1,2023-01-01,1.700000000000001,21.25714285714286,11.805555555555557
NHFIL,47.4,48.2,47.1,47.3,678665,2023-01-31,31.199999999999996,26.042857142857144,193.78881987577637
NHFIL,42.3,42.3,41.8,41.8,59512,2023-01-01,-5.5,30.985714285714288,-11.627906976744185
NITOLINS,40.0,40.2,40.0,40.0,35844,2023-01-31,-1.7999999999999972,35.68571428571428,-4.306220095693769
NITOLINS,41.3,41.3,41.3,41.3,1,2023-01-01,1.2999999999999972,35.142857142857146,3.2499999999999973
NORTHERN,202.5,202.5,202.5,202.5,202,2023-01-31,161.2,57.628571428571426,390.314769975787
NORTHERN,248.0,249.0,239.5,239.5,7097,2023-01-01,37.0,89.78571428571429,18.2716049382716
NORTHRNINS,41.3,41.3,41.3,41.3,1970,2023-01-31,-198.2,93.38571428571429,-82.75574112734864
NORTHRNINS,39.3,39.3,39.3,39.3,10,2023-01-01,-2.0,92.24285714285715,-4.842615012106533
NPOLYMER,51.0,51.0,51.0,51.0,503,2023-01-31,11.700000000000003,93.55714285714285,29.77099236641223
NPOLYMER,51.0,51.0,51.0,51.0,1169,2023-01-01,0.0,95.12857142857142,0.0
NTC,598.2,604.0,598.2,600.3,2034,2023-01-31,549.3,174.9857142857143,1077.0588235294117
NTC,605.1,611.0,605.1,610.0,5187,2023-01-01,9.700000000000045,233.20000000000002,1.6158587372980149
NTLTUBES,79.5,79.5,79.5,79.5,706,2023-01-31,-530.5,210.34285714285716,-86.9672131147541
NTLTUBES,79.5,79.5,79.5,79.5,11,2023-01-01,0.0,215.79999999999998,0.0
OAL,9.9,9.9,9.9,9.9,172,2023-01-31,-69.6,211.6,-87.54716981132076
OAL,10.4,10.4,10.4,10.4,2421,2023-01-01,0.5,205.8,5.050505050505061
OLYMPIC,136.0,141.0,136.0,138.0,1869031,2023-01-31,127.6,218.22857142857146,1226.923076923077
OLYMPIC,124.7,124.7,121.0,121.2,61320,2023-01-01,-16.799999999999997,149.78571428571428,-12.173913043478258
ONEBANKLTD,11.7,11.7,11.6,11.6,582452,2023-01-31,-109.60000000000001,64.3,-90.42904290429044
ONEBANKLTD,10.2,10.3,10.1,10.2,180276,2023-01-01,-1.4000000000000004,54.4,-12.06896551724138
ORIONINFU,350.0,359.8,336.0,337.9,163684,2023-01-31,327.7,91.31428571428572,3212.7450980392155
ORIONINFU,566.0,566.0,495.0,530.8,338529,2023-01-01,192.89999999999998,165.72857142857143,57.0878958271678
ORIONPHARM,82.2,86.4,82.2,85.1,2226761,2023-01-31,-445.69999999999993,176.4,-83.96759608138659
ORIONPHARM,82.8,83.5,80.6,80.9,1087995,2023-01-01,-4.199999999999989,168.2428571428571,-4.935370152761442
PADMALIFE,48.2,48.8,48.2,48.2,260171,2023-01-31,-32.7,157.8142857142857,-40.4202719406675
PADMALIFE,45.5,45.5,44.8,44.8,111943,2023-01-01,-3.4000000000000057,162.55714285714288,-7.053941908713702
PADMAOIL,209.2,209.2,209.2,209.2,2042,2023-01-31,164.39999999999998,190.98571428571427,366.96428571428567
PADMAOIL,209.2,209.2,209.2,209.2,425,2023-01-01,0.0,172.6,0.0
PAPERPROC,180.9,180.9,180.9,180.9,4364,2023-01-31,-28.299999999999983,122.61428571428573,-13.527724665391961
PAPERPROC,208.0,209.9,205.0,205.0,79758,2023-01-01,24.099999999999994,139.74285714285716,13.322277501381974
PARAMOUNT,43.5,43.5,43.5,43.5,17160,2023-01-31,-161.5,134.4,-78.78048780487805
PARAMOUNT,44.1,44.1,44.1,44.1,1975,2023-01-01,0.6000000000000014,133.81428571428572,1.379310344827589
PDL,9.9,9.9,9.9,9.9,4385,2023-01-31,-34.2,128.82857142857145,-77.55102040816327
PDL,10.9,10.9,10.9,10.9,1712,2023-01-01,1.0,100.50000000000001,10.1010101010101
PENINSULA,27.4,27.4,27.4,27.4,1745,2023-01-31,16.5,74.52857142857145,151.37614678899078
PENINSULA,27.4,27.4,27.4,27.4,1253,2023-01-01,0.0,52.60000000000002,0.0
PEOPLESINS,37.0,37.0,37.0,37.0,7930,2023-01-31,9.600000000000001,28.600000000000016,35.03649635036496
PEOPLESINS,36.1,36.1,36.1,36.1,1970,2023-01-01,-0.8999999999999986,27.542857142857162,-2.43243243243243
PHARMAID,790.7,790.7,790.7,790.7,22,2023-01-31,754.6,134.20000000000002,2090.304709141274
PHARMAID,790.7,790.7,790.7,790.7,76,2023-01-01,0.0,245.7428571428572,0.0
PHENIXINS,37.6,37.6,37.6,37.6,8264,2023-01-31,-753.1,249.55714285714288,-95.24471986847097
PHENIXINS,37.6,37.6,37.6,37.6,2561,2023-01-01,0.0,251.01428571428576,0.0
PHOENIXFIN,16.3,16.3,16.3,16.3,500,2023-01-31,-21.3,249.42857142857147,-56.648936170212764
PHOENIXFIN,16.3,16.3,16.3,16.3,5,2023-01-01,0.0,246.4714285714286,0.0
PHPMF1,5.2,5.2,5.2,5.2,120,2023-01-31,-11.100000000000001,242.0571428571429,-68.09815950920246
PHPMF1,5.2,5.2,5.2,5.2,1551,2023-01-01,0.0,129.84285714285718,0.0
PIONEERINS,78.9,80.9,77.6,78.1,511481,2023-01-31,72.89999999999999,28.042857142857162,1401.923076923077
PIONEERINS,71.5,71.5,71.5,71.5,10,2023-01-01,-6.599999999999994,32.8857142857143,-8.450704225352101
POPULARLIF,79.4,84.5,79.4,81.5,928236,2023-01-31,10.0,39.157142857142865,13.98601398601398
POPULARLIF,65.0,66.3,64.3,64.5,150142,2023-01-01,-17.0,46.04285714285715,-20.858895705521473
POWERGRID,52.4,52.4,52.4,52.4,65,2023-01-31,-12.100000000000001,51.200000000000024,-18.759689922480625
POWERGRID,52.4,52.4,52.4,52.4,351,2023-01-01,0.0,57.94285714285716,0.0
PRAGATIINS,70.4,72.5,70.0,71.9,138459,2023-01-31,19.500000000000007,67.47142857142858,37.21374045801529
PRAGATIINS,58.6,59.6,58.5,58.6,15225,2023-01-01,-13.300000000000004,64.6857142857143,-18.497913769123787
PRAGATILIF,163.3,166.8,161.8,162.4,192035,2023-01-31,103.80000000000001,77.67142857142859,177.13310580204777
PRAGATILIF,118.0,122.5,114.3,121.4,212902,2023-01-01,-41.0,83.3714285714286,-25.246305418719206
PREMIERBAN,13.4,13.4,13.3,13.3,252205,2023-01-31,-108.10000000000001,76.05714285714286,-89.04448105436573
PREMIERBAN,13.3,13.4,13.2,13.3,627211,2023-01-01,0.0,70.47142857142859,0.0
PREMIERCEM,44.5,44.5,44.5,44.5,100,2023-01-31,31.2,69.34285714285717,234.58646616541353
PREMIERCEM,44.5,44.5,44.5,44.5,61,2023-01-01,0.0,65.42857142857144,0.0
PREMIERLEA,7.4,7.4,7.4,7.4,5,2023-01-31,-37.1,58.114285714285735,-83.37078651685394
PREMIERLEA,6.9,6.9,6.9,6.9,244,2023-01-01,-0.5,35.90000000000002,-6.756756756756754
PRIMEBANK,19.5,19.6,19.4,19.6,137394,2023-01-31,12.700000000000001,21.357142857142872,184.05797101449278
PRIMEBANK,19.2,19.4,19.1,19.3,2615,2023-01-01,-0.3000000000000007,22.21428571428573,-1.5306122448979664
PRIMELIFE,60.5,61.5,60.5,60.5,106160,2023-01-31,41.2,28.957142857142877,213.47150259067357
PRIMELIFE,53.0,53.8,52.9,52.9,12515,2023-01-01,-7.600000000000001,30.157142857142876,-12.561983471074377
PRIMETEX,33.3,33.3,33.3,33.3,1,2023-01-31,-19.6,28.557142857142875,-37.051039697542535
PRIMETEX,39.6,39.6,39.6,39.6,11,2023-01-01,6.300000000000004,33.15714285714287,18.918918918918926
PROGRESLIF,85.5,87.4,85.3,85.3,113157,2023-01-31,45.699999999999996,44.357142857142875,115.4040404040404
PROGRESLIF,76.7,76.7,73.3,73.3,28135,2023-01-01,-12.0,52.028571428571446,-14.067995310668236
PROVATIINS,58.9,58.9,58.9,58.9,262,2023-01-31,-14.399999999999999,57.685714285714305,-19.645293315143242
PROVATIINS,58.9,58.9,58.9,58.9,11,2023-01-01,0.0,57.45714285714288,0.0
PTL,77.0,77.0,77.0,77.0,69,2023-01-31,18.1,60.90000000000001,30.73005093378609
PTL,77.0,77.0,77.0,77.0,40,2023-01-01,0.0,67.14285714285715,0.0
PUBALIBANK,26.3,26.4,26.3,26.3,15261,2023-01-31,-50.7,65.24285714285716,-65.84415584415584
PUBALIBANK,26.1,26.5,26.1,26.5,34108,2023-01-01,0.1999999999999993,56.842857142857156,0.7604562737642651
PURABIGEN,28.5,28.5,28.5,28.5,25666,2023-01-31,2.0,50.44285714285716,7.547169811320753
PURABIGEN,28.0,28.2,27.9,27.9,109596,2023-01-01,-0.6000000000000014,46.014285714285734,-2.1052631578947434
QUEENSOUTH,23.3,23.3,23.3,23.3,65,2023-01-31,-4.599999999999998,40.928571428571445,-16.487455197132604
QUEENSOUTH,24.7,24.7,24.7,24.7,1840,2023-01-01,1.3999999999999986,33.45714285714287,6.008583690987113
RAHIMAFOOD,237.7,237.7,237.7,237.7,81,2023-01-31,213.0,56.414285714285725,862.3481781376518
RAHIMAFOOD,237.7,237.7,237.7,237.7,502,2023-01-01,0.0,86.61428571428573,0.0
RAHIMTEXT,166.9,166.9,166.9,166.9,51,2023-01-31,-70.79999999999998,106.67142857142858,-29.785443836769034
RAHIMTEXT,207.0,207.0,207.0,207.0,10,2023-01-01,40.099999999999994,132.17142857142858,24.026363091671655
RAKCERAMIC,42.9,42.9,42.9,42.9,1100,2023-01-31,-164.1,134.31428571428572,-79.27536231884058
RAKCERAMIC,42.9,42.9,42.9,42.9,390,2023-01-01,0.0,137.11428571428573,0.0
RANFOUNDRY,151.0,151.1,151.0,151.0,8514,2023-01-31,108.1,155.15714285714287,251.981351981352
RANFOUNDRY,164.8,166.7,163.0,163.2,9369,2023-01-01,12.199999999999989,144.5142857142857,8.079470198675498
RECKITTBEN,4760.7,4760.7,4760.7,4760.7,67,2023-01-31,4597.5,790.657142857143,2817.095588235294
RECKITTBEN,4760.7,4760.7,4760.7,4760.7,26,2023-01-01,0.0,1446.9142857142856,0.0
RELIANCE1,9.9,9.9,9.9,9.9,1200,2023-01-31,-4750.8,1418.7571428571428,-99.79204738798916
RELIANCE1,10.2,10.2,10.2,10.2,516,2023-01-01,0.29999999999999893,1414.0857142857144,3.0303030303030276
RELIANCINS,63.8,65.2,63.6,64.1,28860,2023-01-31,53.89999999999999,1417.1142857142856,528.4313725490196
RELIANCINS,59.8,59.8,57.5,58.1,13242,2023-01-01,-5.999999999999993,1403.842857142857,-9.36037441497659
RENATA,1217.9,1217.9,1217.9,1217.9,113,2023-01-31,1159.8000000000002,1554.5142857142857,1996.2134251290881
RENATA,1217.9,1217.9,1217.9,1217.9,250,2023-01-01,0.0,1048.4,0.0
RENWICKJA,776.8,776.8,774.2,775.0,138,2023-01-31,-442.9000000000001,479.0142857142858,-36.36587568765909
RENWICKJA,954.7,954.7,945.3,948.0,7,2023-01-01,173.0,613.0285714285714,22.32258064516128
REPUBLIC,35.2,35.3,35.1,35.1,9025,2023-01-31,-912.9,616.5857142857143,-96.29746835443038
REPUBLIC,33.1,33.1,33.1,33.1,530,2023-01-01,-2.0,612.1571428571427,-5.698005698005693
RINGSHINE,9.8,9.8,9.8,9.8,3,2023-01-31,-23.3,605.2571428571429,-70.39274924471299
RINGSHINE,9.8,9.8,9.8,9.8,249310,2023-01-01,0.0,432.6714285714285,0.0
RNSPIN,6.2,6.2,6.2,6.2,160,2023-01-31,-3.6000000000000005,259.57142857142856,-36.73469387755103
RNSPIN,6.2,6.2,6.2,6.2,100,2023-01-01,0.0,149.74285714285716,0.0
ROBI,30.0,30.0,30.0,30.0,581,2023-01-31,23.8,18.599999999999998,383.8709677419355
ROBI,30.0,30.0,30.0,30.0,822,2023-01-01,0.0,17.871428571428574,0.0
RSRMSTEEL,18.1,18.1,18.1,18.1,227,2023-01-31,-11.899999999999999,15.728571428571428,-39.666666666666664
RSRMSTEEL,17.0,17.0,16.5,16.5,41252,2023-01-01,-1.6000000000000014,16.685714285714287,-8.839779005524873
RUNNERAUTO,48.4,48.4,48.4,48.4,27003,2023-01-31,31.9,22.199999999999996,193.33333333333331
RUNNERAUTO,48.4,48.4,48.4,48.4,3,2023-01-01,0.0,28.228571428571428,0.0
RUPALIINS,29.1,29.1,29.1,29.1,26660,2023-01-31,-19.299999999999997,31.5,-39.87603305785123
RUPALIINS,26.3,26.3,26.3,26.3,2991,2023-01-01,-2.8000000000000007,30.971428571428568,-9.621993127147766
RUPALILIFE,93.7,96.5,93.5,94.1,673064,2023-01-31,67.8,40.128571428571426,257.7946768060836
RUPALILIFE,79.5,80.0,78.8,79.0,59335,2023-01-01,-15.099999999999994,48.82857142857142,-16.046758767268855
SAFKOSPINN,22.8,22.8,22.8,22.8,116,2023-01-31,-56.2,49.72857142857142,-71.13924050632912
SAFKOSPINN,27.0,27.0,27.0,27.0,1,2023-01-01,4.199999999999999,46.67142857142857,18.421052631578938
SAIFPOWER,29.7,29.7,29.7,29.7,289,2023-01-31,2.6999999999999993,44.0,9.999999999999986
SAIFPOWER,29.7,29.7,29.7,29.7,2066,2023-01-01,0.0,44.08571428571429,0.0
SAIHAMTEX,19.5,19.5,19.5,19.5,50762,2023-01-31,-10.2,43.114285714285714,-34.34343434343434
SAIHAMTEX,23.4,23.4,23.4,23.4,188,2023-01-01,3.8999999999999986,33.01428571428571,19.999999999999996
SALVOCHEM,61.8,61.8,61.8,61.8,6,2023-01-31,38.4,30.557142857142853,164.1025641025641
SALVOCHEM,61.8,61.8,61.8,61.8,150,2023-01-01,0.0,36.128571428571426,0.0
SAMATALETH,57.5,58.0,57.5,57.5,3675,2023-01-31,-4.299999999999997,40.48571428571428,-6.957928802588997
SAMATALETH,66.8,66.8,66.8,66.8,11,2023-01-01,9.299999999999997,45.785714285714285,16.17391304347826
SAMORITA,68.7,68.7,67.8,67.8,41765,2023-01-31,1.0,51.228571428571435,1.4970059880239583
SAMORITA,69.3,70.7,69.3,69.4,46105,2023-01-01,1.6000000000000085,58.357142857142854,2.359882005899716
SANDHANINS,30.0,30.8,29.7,29.8,775592,2023-01-31,-39.60000000000001,59.271428571428565,-57.06051873198847
SANDHANINS,26.9,26.9,26.9,26.9,26762,2023-01-01,-2.900000000000002,54.285714285714285,-9.731543624161077
SAPORTL,32.9,32.9,31.6,31.8,2166118,2023-01-31,4.900000000000002,50.0,18.215613382899633
SAPORTL,30.2,30.3,29.0,29.1,1165204,2023-01-01,-2.6999999999999993,45.94285714285714,-8.490566037735848
SBACBANK,10.6,10.6,10.6,10.6,3229,2023-01-31,-18.5,37.91428571428571,-63.57388316151202
SBACBANK,10.6,10.6,10.6,10.6,19,2023-01-01,0.0,29.742857142857144,0.0
SEAPEARL,280.1,285.0,257.0,263.5,1276673,2023-01-31,252.9,57.471428571428575,2385.8490566037735
SEAPEARL,191.0,195.0,183.4,184.0,209286,2023-01-01,-79.5,79.5,-30.170777988614805
SEMLFBSLGF,8.4,8.4,8.4,8.4,100,2023-01-31,-175.6,76.85714285714286,-95.43478260869566
SEMLFBSLGF,8.4,8.4,8.4,8.4,1,2023-01-01,0.0,73.51428571428572,0.0
SEMLIBBLSF,8.5,8.5,8.5,8.5,3200,2023-01-31,0.09999999999999964,70.57142857142857,1.1904761904761862
SEMLIBBLSF,8.5,8.5,8.5,8.5,118,2023-01-01,0.0,70.27142857142857,0.0
SHAHJABANK,18.8,19.0,18.8,18.9,32434,2023-01-31,10.399999999999999,71.45714285714286,122.35294117647055
SHAHJABANK,19.1,19.1,18.8,18.8,80393,2023-01-01,-0.09999999999999787,36.5,-0.5291005291005124
SHURWID,15.8,15.8,15.8,15.8,10744,2023-01-31,-3.0,12.471428571428572,-15.957446808510634
SHURWID,18.0,18.0,18.0,18.0,21,2023-01-01,2.1999999999999993,13.842857142857142,13.924050632911378
SHYAMPSUG,75.4,75.4,75.4,75.4,12,2023-01-31,57.400000000000006,23.414285714285715,318.8888888888889
SHYAMPSUG,92.8,92.8,92.8,92.8,1,2023-01-01,17.39999999999999,35.457142857142856,23.076923076923062
SIBL,12.3,12.3,12.3,12.3,1752,2023-01-31,-80.5,36.0,-86.74568965517241
SIBL,12.3,12.3,12.3,12.3,740,2023-01-01,0.0,35.05714285714286,0.0
SILCOPHL,23.4,23.4,23.4,23.4,15861,2023-01-31,11.099999999999998,35.714285714285715,90.24390243902435
SILCOPHL,23.4,23.4,23.4,23.4,19541,2023-01-01,0.0,36.800000000000004,0.0
SILVAPHL,21.6,21.6,21.6,21.6,1,2023-01-31,-1.7999999999999972,37.31428571428571,-7.692307692307676
SILVAPHL,21.6,21.6,21.6,21.6,150,2023-01-01,0.0,29.62857142857143,0.0
SIMTEX,15.3,15.3,15.3,15.3,42325,2023-01-31,-6.300000000000001,18.557142857142857,-29.166666666666664
SIMTEX,16.7,16.7,16.7,16.7,42038,2023-01-01,1.3999999999999986,19.185714285714287,9.15032679738561
SINGERBD,151.9,151.9,151.9,151.9,129,2023-01-31,135.20000000000002,39.128571428571426,809.5808383233534
SINGERBD,151.9,151.9,151.9,151.9,44,2023-01-01,0.0,57.48571428571429,0.0
SINOBANGLA,59.5,59.5,59.5,59.5,12943,2023-01-31,-92.4,62.642857142857146,-60.82949308755761
SINOBANGLA,59.9,59.9,58.3,58.3,94326,2023-01-01,-1.2000000000000028,67.88571428571429,-2.0168067226890796
SKICL,59.4,59.4,59.4,59.4,65028,2023-01-31,1.1000000000000014,73.28571428571429,1.8867924528301883
SKICL,57.2,57.6,57.1,57.1,176690,2023-01-01,-2.299999999999997,79.25714285714285,-3.872053872053871
SKTRIMS,25.3,25.3,24.7,24.7,145994,2023-01-31,-32.400000000000006,80.4,-56.74255691768827
SKTRIMS,23.6,23.6,23.6,23.6,4531,2023-01-01,-1.0999999999999979,62.07142857142857,-4.453441295546545
SONALIANSH,380.8,418.2,380.8,410.1,140533,2023-01-31,386.5,98.95714285714287,1637.7118644067796
SONALIANSH,469.9,474.0,465.2,465.2,20097,2023-01-01,55.099999999999966,156.91428571428574,13.435747378688113
SONALILIFE,69.5,72.0,69.5,70.0,792559,2023-01-31,-395.2,158.58571428571432,-84.95270851246775
SONALILIFE,60.2,60.2,58.6,59.8,126187,2023-01-01,-10.200000000000003,158.64285714285714,-14.57142857142858
SONALIPAPR,615.1,615.1,615.1,615.1,82,2023-01-31,555.3000000000001,238.35714285714286,928.5953177257525
SONALIPAPR,615.1,615.1,615.1,615.1,387,2023-01-01,0.0,322.7,0.0
SONARBAINS,51.6,51.6,51.6,51.6,42255,2023-01-31,-563.5,326.7,-91.61112014306617
SONARBAINS,47.2,47.2,47.2,47.2,6989,2023-01-01,-4.399999999999999,274.85714285714283,-8.52713178294573
SONARGAON,38.7,38.7,38.7,38.7,25,2023-01-31,-8.5,213.92857142857142,-18.008474576271183
SONARGAON,47.2,47.2,47.2,47.2,111,2023-01-01,8.5,210.67142857142858,21.963824289405686
SOUTHEASTB,13.8,13.8,13.8,13.8,117518,2023-01-31,-33.400000000000006,204.1,-70.76271186440678
SOUTHEASTB,13.8,13.8,13.8,13.8,3592,2023-01-01,0.0,118.20000000000002,0.0
SPCERAMICS,46.4,46.7,43.8,46.0,2360268,2023-01-31,32.2,36.9,233.33333333333331
SPCERAMICS,43.0,43.0,43.0,43.0,371,2023-01-01,-3.0,35.67142857142857,-6.521739130434778
SPCL,65.5,65.5,65.5,65.5,404,2023-01-31,22.5,38.285714285714285,52.32558139534884
SPCL,65.5,65.5,65.5,65.5,160,2023-01-01,0.0,42.114285714285714,0.0
SQUARETEXT,67.5,67.5,67.5,67.5,150,2023-01-31,2.0,45.01428571428572,3.053435114503822
SQUARETEXT,67.5,67.5,67.5,67.5,300,2023-01-01,0.0,52.685714285714276,0.0
SQURPHARMA,209.8,209.8,209.8,209.8,9964,2023-01-31,142.3,80.6857142857143,210.81481481481484
SQURPHARMA,209.8,209.8,209.8,209.8,6372,2023-01-01,0.0,104.08571428571429,0.0
SSSTEEL,16.6,16.6,16.6,16.6,7417,2023-01-31,-193.20000000000002,100.31428571428572,-92.08770257387988
SSSTEEL,16.6,16.6,16.6,16.6,1911,2023-01-01,0.0,93.32857142857144,0.0
STANCERAM,123.6,123.6,123.6,123.6,227,2023-01-31,107.0,101.62857142857145,644.578313253012
STANCERAM,140.3,147.3,140.3,141.5,18598,2023-01-01,17.900000000000006,112.20000000000002,14.482200647249188
STANDARINS,45.4,45.8,45.4,45.4,29256,2023-01-31,-96.1,109.04285714285716,-67.91519434628975
STANDARINS,47.6,47.6,47.6,47.6,101,2023-01-01,2.200000000000003,85.87142857142855,4.845814977973584
STYLECRAFT,91.6,91.6,87.6,87.6,20486,2023-01-31,39.99999999999999,68.41428571428571,84.03361344537814
STYLECRAFT,99.8,99.8,99.8,99.8,13786,2023-01-01,12.200000000000003,80.3,13.926940639269404
SUMITPOWER,34.0,34.0,34.0,34.0,9,2023-01-31,-65.8,82.78571428571429,-65.93186372745491
SUMITPOWER,34.0,34.0,34.0,34.0,5000,2023-01-01,0.0,69.98571428571428,0.0
SUNLIFEINS,57.8,60.0,57.4,58.7,242759,2023-01-31,24.700000000000003,58.15714285714286,72.64705882352942
SUNLIFEINS,56.4,56.4,56.4,56.4,93120,2023-01-01,-2.3000000000000043,59.728571428571435,-3.918228279386715
TAKAFULINS,48.7,49.0,48.7,48.8,177995,2023-01-31,-7.600000000000001,59.9,-13.475177304964546
TAKAFULINS,45.0,45.0,45.0,45.0,153,2023-01-01,-3.799999999999997,53.814285714285724,-7.786885245901631
TAMIJTEX,178.3,178.3,178.3,178.3,300,2023-01-31,133.3,65.02857142857144,296.22222222222223
TAMIJTEX,178.3,181.0,178.3,178.3,13850,2023-01-01,0.0,85.64285714285714,0.0
TOSRIFA,19.6,21.0,19.6,19.6,357973,2023-01-31,-158.70000000000002,83.58571428571429,-89.00729108244532
TOSRIFA,23.2,23.2,23.2,23.2,2,2023-01-01,3.599999999999998,78.51428571428572,18.36734693877551
TRUSTB1MF,5.6,5.6,5.6,5.6,5017,2023-01-31,-17.6,71.25714285714285,-75.86206896551724
TRUSTB1MF,5.6,5.6,5.6,5.6,29976,2023-01-01,0.0,65.08571428571429,0.0
TRUSTBANK,34.9,34.9,34.9,34.9,11487,2023-01-31,29.299999999999997,63.642857142857146,523.2142857142858
TRUSTBANK,34.9,34.9,34.9,34.9,156,2023-01-01,0.0,43.15714285714286,0.0
UCB,13.0,13.0,13.0,13.0,538,2023-01-31,-21.9,19.542857142857144,-62.75071633237822
UCB,13.0,13.0,13.0,13.0,1728,2023-01-01,0.0,18.599999999999998,0.0
UNILEVERCL,2849.0,2849.0,2849.0,2849.0,11,2023-01-31,2836.0,422.2857142857143,21815.384615384617
UNILEVERCL,2849.0,2849.0,2849.0,2849.0,70,2023-01-01,0.0,828.4857142857143,0.0
UNIONBANK,9.3,9.3,9.3,9.3,3269,2023-01-31,-2839.7,829.0142857142856,-99.67356967356967
UNIONBANK,9.3,9.3,9.3,9.3,287,2023-01-01,0.0,825.3571428571429,0.0
UNIONCAP,9.9,9.9,9.9,9.9,1700,2023-01-31,0.5999999999999996,821.7857142857144,6.451612903225801
UNIONCAP,9.9,9.9,9.9,9.9,621,2023-01-01,0.0,821.342857142857,0.0
UNIONINS,43.5,43.5,43.5,43.5,1124,2023-01-31,33.6,825.6999999999999,339.3939393939394
UNIONINS,37.0,37.1,37.0,37.0,38984,2023-01-01,-6.5,423.9857142857143,-14.942528735632187
UNIQUEHRL,67.9,69.7,67.9,68.5,1092047,2023-01-31,31.5,26.771428571428572,85.13513513513513
UNIQUEHRL,56.0,57.8,56.0,56.6,133026,2023-01-01,-11.899999999999999,33.528571428571425,-17.372262773722625
UNITEDFIN,15.8,15.8,15.8,15.8,5,2023-01-31,-40.8,34.45714285714286,-72.08480565371025
UNITEDFIN,15.8,15.8,15.8,15.8,1266,2023-01-01,0.0,35.300000000000004,0.0
UNITEDINS,42.7,42.7,42.7,42.7,3740,2023-01-31,26.900000000000002,39.98571428571428,170.25316455696205
UNITEDINS,45.3,45.3,45.3,45.3,201,2023-01-01,2.5999999999999943,40.24285714285714,6.08899297423886
UPGDCL,233.7,233.7,233.7,233.7,95,2023-01-31,188.39999999999998,68.34285714285714,415.89403973509934
UPGDCL,233.7,233.7,233.7,233.7,76,2023-01-01,0.0,91.94285714285714,0.0
USMANIAGL,57.8,57.8,57.8,57.8,61,2023-01-31,-175.89999999999998,92.11428571428571,-75.26743688489516
USMANIAGL,70.4,70.4,70.4,70.4,1,2023-01-01,12.600000000000009,99.91428571428571,21.79930795847753
UTTARABANK,23.4,23.5,23.3,23.4,99550,2023-01-31,-47.00000000000001,100.99999999999999,-66.76136363636364
UTTARABANK,23.3,23.3,23.3,23.3,38331,2023-01-01,-0.09999999999999787,98.22857142857143,-0.42735042735041473
UTTARAFIN,33.8,33.8,33.8,33.8,1162,2023-01-31,10.499999999999996,96.58571428571427,45.06437768240341
UTTARAFIN,33.8,33.8,33.8,33.8,242,2023-01-01,0.0,68.02857142857142,0.0
WATACHEM,200.2,200.2,200.2,200.2,40,2023-01-31,166.39999999999998,63.24285714285714,492.3076923076923
WATACHEM,200.2,200.2,200.2,200.2,130,2023-01-01,0.0,83.58571428571427,0.0
WMSHIPYARD,11.0,11.0,11.0,11.0,504,2023-01-31,-189.2,75.10000000000001,-94.5054945054945
WMSHIPYARD,11.0,11.0,11.0,11.0,7,2023-01-01,0.0,73.32857142857142,0.0
YPL,18.1,18.1,18.1,18.1,21701,2023-01-31,7.100000000000001,72.58571428571429,64.54545454545455
YPL,18.7,18.7,18.7,18.7,14,2023-01-01,0.5999999999999979,70.42857142857143,3.3149171270718147
ZAHEENSPIN,10.1,10.1,10.1,10.1,1,2023-01-31,-8.6,67.04285714285713,-45.98930481283422
ZAHEENSPIN,12.3,12.3,12.3,12.3,100,2023-01-01,2.200000000000001,40.199999999999996,21.7821782178218
ZEALBANGLA,142.0,142.0,142.0,142.0,58,2023-01-31,129.7,31.885714285714283,1054.4715447154472
ZEALBANGLA,170.8,170.8,170.8,170.8,1,2023-01-01,28.80000000000001,54.714285714285715,20.281690140845086
