Scrip,Open,High,Low,Close,Volume,Date
1STPRIMFMF,14.7,14.7,14.6,14.6,79116,2023-01-31
1STPRIMFMF,16.4,16.4,16.4,16.4,512,2023-01-01
AAMRANET,68.0,68.4,66.4,67.3,3041442,2023-01-31
AAMRANET,52.8,52.8,49.7,50.3,1051934,2023-01-01
AAMRATECH,36.7,36.7,35.2,35.3,781597,2023-01-31
AAMRATECH,40.5,41.1,38.9,39.0,289417,2023-01-01
ABBANK,9.9,9.9,9.9,9.9,5696,2023-01-31
ABBANK,9.9,9.9,9.9,9.9,1681,2023-01-01
ACFL,26.5,26.5,26.5,26.5,250,2023-01-31
ACFL,26.5,26.5,26.5,26.5,101,2023-01-01
ACI,260.2,260.2,260.2,260.2,256,2023-01-31
ACI,260.2,260.2,260.2,260.2,4,2023-01-01
ACIFORMULA,155.0,155.0,155.0,155.0,21742,2023-01-31
ACIFORMULA,155.0,155.0,155.0,155.0,6,2023-01-01
ACMELAB,85.0,85.0,85.0,85.0,201028,2023-01-31
ACMELAB,85.0,85.0,85.0,85.0,3279,2023-01-01
ACMEPL,35.4,35.4,35.4,35.4,1700,2023-01-31
ACMEPL,35.4,35.4,35.4,35.4,1001,2023-01-01
ADNTEL,118.8,119.1,113.9,115.0,310461,2023-01-31
ADNTEL,113.0,115.0,109.2,110.6,208956,2023-01-01
ADVENT,24.0,24.6,23.9,24.4,851221,2023-01-31
ADVENT,25.5,25.8,24.3,24.5,1506499,2023-01-01
AFTABAUTO,24.5,24.5,24.5,24.5,5932,2023-01-31
AFTABAUTO,24.5,24.5,24.5,24.5,15958,2023-01-01
AGNISYSL,23.9,24.4,23.8,23.9,1380842,2023-01-31
AGNISYSL,23.2,23.2,22.8,22.8,202592,2023-01-01
AGRANINS,38.9,38.9,38.9,38.9,26155,2023-01-31
AGRANINS,36.7,36.7,36.7,36.7,1320,2023-01-01
AIBL1STIMF,7.7,7.7,7.7,7.7,1056,2023-01-31
AIBL1STIMF,7.4,7.4,7.4,7.4,1700,2023-01-01
ALARABANK,23.6,23.6,23.6,23.6,3000,2023-01-31
ALARABANK,23.6,23.6,23.6,23.6,5151,2023-01-01
ALLTEX,19.4,19.4,19.4,19.4,1250,2023-01-31
ALLTEX,23.4,23.4,23.4,23.4,1,2023-01-01
AMBEEPHA,465.2,477.5,462.1,462.2,3215,2023-01-31
AMBEEPHA,552.0,552.0,508.6,508.6,1131,2023-01-01
AMCL(PRAN),235.3,236.8,235.3,235.3,11820,2023-01-31
AMCL(PRAN),268.0,268.0,263.0,263.0,7376,2023-01-01
ANLIMAYARN,31.7,31.7,31.7,31.7,524,2023-01-31
ANLIMAYARN,35.3,35.3,35.3,35.3,4,2023-01-01
ANWARGALV,213.3,213.3,213.3,213.3,6470,2023-01-31
ANWARGALV,237.1,240.0,225.0,225.6,134128,2023-01-01
AOL,36.5,36.5,36.5,36.5,1000,2023-01-31
AOL,36.5,36.5,36.5,36.5,5,2023-01-01
APEXFOODS,276.6,283.9,276.6,276.6,93695,2023-01-31
APEXFOODS,302.9,302.9,295.5,295.5,62413,2023-01-01
APEXFOOT,257.5,257.5,257.5,257.5,1493,2023-01-31
APEXFOOT,267.9,269.5,262.5,263.8,48580,2023-01-01
APEXSPINN,115.9,115.9,111.0,111.1,16498,2023-01-31
APEXSPINN,123.6,123.6,123.6,123.6,1993,2023-01-01
APEXTANRY,103.0,103.0,103.0,103.0,1053,2023-01-31
APEXTANRY,122.7,122.7,122.7,122.7,102,2023-01-01
ARAMIT,266.1,268.3,266.1,266.1,5614,2023-01-31
ARAMIT,288.3,292.2,287.3,287.6,7149,2023-01-01
ARAMITCEM,25.5,25.5,25.5,25.5,1,2023-01-31
ARAMITCEM,29.9,29.9,29.9,29.9,1,2023-01-01
ASIAINS,51.3,52.6,51.3,52.1,369153,2023-01-31
ASIAINS,48.9,49.2,48.9,48.9,114631,2023-01-01
ASIAPACINS,47.9,47.9,47.9,47.9,13911,2023-01-31
ASIAPACINS,41.6,42.0,41.2,41.2,75756,2023-01-01
AZIZPIPES,86.7,86.7,86.7,86.7,27981,2023-01-31
AZIZPIPES,96.8,96.8,96.7,96.7,7154,2023-01-01
BANGAS,107.1,109.6,106.1,108.7,16665,2023-01-31
BANGAS,120.5,120.5,120.5,120.5,752,2023-01-01
BATASHOE,950.1,950.1,950.1,950.1,100,2023-01-31
BATASHOE,962.0,962.0,946.0,948.0,500,2023-01-01
BATBC,518.7,518.7,518.7,518.7,1730,2023-01-31
BATBC,518.7,518.7,518.7,518.7,813,2023-01-01
BAYLEASING,23.9,23.9,23.9,23.9,52,2023-01-31
BAYLEASING,23.9,23.9,23.9,23.9,250,2023-01-01
BBS,21.6,21.6,21.6,21.6,600,2023-01-31
BBS,21.6,21.6,21.6,21.6,592,2023-01-01
BBSCABLES,49.9,49.9,49.9,49.9,781,2023-01-31
BBSCABLES,49.9,49.9,49.9,49.9,4942,2023-01-01
BDAUTOCA,124.7,124.7,119.5,121.3,18639,2023-01-31
BDAUTOCA,142.7,142.7,142.7,142.7,3563,2023-01-01
BDCOM,43.0,43.5,43.0,43.0,445786,2023-01-31
BDCOM,37.7,38.2,37.3,37.3,457767,2023-01-01
BDLAMPS,252.2,252.2,252.2,252.2,100,2023-01-31
BDLAMPS,257.9,257.9,252.3,252.5,27884,2023-01-01
BDTHAI,14.7,14.7,14.7,14.7,22786,2023-01-31
BDTHAI,16.4,16.4,16.4,16.4,760,2023-01-01
BDTHAIFOOD,38.7,39.3,38.2,38.4,293605,2023-01-31
BDTHAIFOOD,49.9,50.1,48.3,48.5,455483,2023-01-01
BDWELDING,32.2,32.2,29.1,29.7,1291794,2023-01-31
BDWELDING,27.5,28.0,27.1,27.4,70035,2023-01-01
BEACHHATCH,33.1,33.1,33.1,33.1,33571,2023-01-31
BEACHHATCH,39.7,39.7,39.7,39.7,55,2023-01-01
BEACONPHAR,322.0,322.0,302.0,308.6,151479,2023-01-31
BEACONPHAR,304.5,304.5,282.1,284.0,35311,2023-01-01
BENGALWTL,36.9,36.9,35.6,35.8,671621,2023-01-31
BENGALWTL,29.5,32.2,29.5,30.7,2817025,2023-01-01
BERGERPBL,1720.0,1739.0,1720.0,1737.1,1033,2023-01-31
BERGERPBL,1726.9,1726.9,1717.0,1725.2,261,2023-01-01
BEXGSUKUK,85.0,85.5,85.0,85.5,8476,2023-01-31
BEXGSUKUK,86.5,86.5,86.0,86.5,3760,2023-01-01
BEXIMCO,115.6,115.6,115.6,115.6,2571,2023-01-31
BEXIMCO,115.6,115.6,115.6,115.6,792,2023-01-01
BGIC,68.4,70.0,67.8,69.4,218732,2023-01-31
BGIC,61.4,63.7,61.4,62.8,92537,2023-01-01
BNICL,61.7,61.7,60.5,61.1,169273,2023-01-31
BNICL,58.2,58.2,56.9,57.0,78812,2023-01-01
BPML,82.0,86.4,82.0,84.7,3314215,2023-01-31
BPML,77.7,77.7,73.1,73.5,1294303,2023-01-01
BRACBANK,38.5,38.5,38.5,38.5,1291,2023-01-31
BRACBANK,38.5,38.5,38.5,38.5,1953,2023-01-01
BSC,128.5,130.0,122.6,123.3,1589305,2023-01-31
BSC,115.9,116.5,112.8,113.2,458165,2023-01-01
BSCCL,218.9,218.9,218.9,218.9,1462,2023-01-31
BSCCL,218.9,218.9,218.9,218.9,181,2023-01-01
BSRMLTD,90.0,90.0,90.0,90.0,258,2023-01-31
BSRMLTD,90.0,90.0,90.0,90.0,208,2023-01-01
BSRMSTEEL,63.9,63.9,63.9,63.9,350,2023-01-31
BSRMSTEEL,63.9,63.9,63.9,63.9,1049,2023-01-01
BXPHARMA,146.2,146.2,146.2,146.2,37555,2023-01-31
BXPHARMA,146.2,147.0,146.2,146.2,74794,2023-01-01
CAPMIBBLMF,11.5,11.5,11.5,11.5,2125,2023-01-31
CAPMIBBLMF,13.7,13.7,13.7,13.7,3,2023-01-01
CENTRALINS,39.8,39.8,39.5,39.5,8802,2023-01-31
CENTRALINS,35.4,35.4,35.4,35.4,2702,2023-01-01
CENTRALPHL,11.2,11.2,11.2,11.2,19150,2023-01-31
CENTRALPHL,11.8,11.8,11.8,11.8,4201,2023-01-01
CITYBANK,21.8,21.8,21.8,21.8,5248,2023-01-31
CITYBANK,21.8,21.8,21.8,21.8,15341,2023-01-01
CITYGENINS,32.1,32.1,32.1,32.1,10183,2023-01-31
CITYGENINS,25.7,26.0,25.7,25.7,75441,2023-01-01
CLICL,67.4,68.9,67.4,67.4,650284,2023-01-31
CLICL,61.6,61.8,60.8,60.8,465024,2023-01-01
CONFIDCEM,89.0,89.0,89.0,89.0,262,2023-01-31
CONFIDCEM,89.0,89.0,89.0,89.0,6255,2023-01-01
CONTININS,33.1,33.3,33.1,33.1,28413,2023-01-31
CONTININS,30.6,31.1,30.0,30.0,40642,2023-01-01
COPPERTECH,36.9,36.9,36.9,36.9,100,2023-01-31
COPPERTECH,36.9,36.9,36.9,36.9,530,2023-01-01
CRYSTALINS,41.3,41.3,41.3,41.3,4260,2023-01-31
CRYSTALINS,40.3,40.4,39.9,39.9,20462,2023-01-01
DACCADYE,15.1,15.1,15.1,15.1,206,2023-01-31
DACCADYE,17.3,17.3,17.3,17.3,100,2023-01-01
DBH,57.8,57.8,57.8,57.8,9398,2023-01-31
DBH,57.8,57.8,57.8,57.8,2,2023-01-01
DELTALIFE,136.5,136.5,136.5,136.5,37891,2023-01-31
DELTALIFE,136.5,136.5,136.5,136.5,2407,2023-01-01
DELTASPINN,8.5,8.5,8.5,8.5,11,2023-01-31
DELTASPINN,8.5,8.5,8.5,8.5,5010,2023-01-01
DESHBANDHU,17.4,17.4,17.4,17.4,2909,2023-01-31
DESHBANDHU,17.9,17.9,17.9,17.9,102,2023-01-01
DGIC,33.1,33.1,33.1,33.1,58006,2023-01-31
DGIC,32.5,32.7,32.2,32.2,98356,2023-01-01
DHAKABANK,13.2,13.4,13.2,13.2,118947,2023-01-31
DHAKABANK,13.2,13.2,13.2,13.2,18423,2023-01-01
DHAKAINS,66.2,66.2,66.2,66.2,111471,2023-01-31
DHAKAINS,47.5,47.5,47.5,47.5,1711,2023-01-01
DOMINAGE,18.1,18.1,18.1,18.1,17976,2023-01-31
DOMINAGE,20.8,20.8,20.8,20.8,250033,2023-01-01
DOREENPWR,61.0,61.0,61.0,61.0,254,2023-01-31
DOREENPWR,61.0,61.0,61.0,61.0,1015,2023-01-01
DSHGARME,110.8,110.8,110.8,110.8,1044,2023-01-31
DSHGARME,141.9,141.9,141.9,141.9,1731,2023-01-01
DULAMIACOT,69.4,69.4,69.4,69.4,5,2023-01-31
DULAMIACOT,72.3,72.3,72.3,72.3,1,2023-01-01
DUTCHBANGL,62.6,62.6,62.6,62.6,132,2023-01-31
DUTCHBANGL,62.6,62.6,62.6,62.6,20648,2023-01-01
EASTERNINS,54.1,54.1,54.1,54.1,33510,2023-01-31
EASTERNINS,48.7,48.7,48.7,48.7,1562,2023-01-01
EASTLAND,26.7,26.7,26.7,26.7,109,2023-01-31
EASTLAND,24.2,24.2,24.2,24.2,2892,2023-01-01
EASTRNLUB,1674.0,1674.0,1610.0,1645.3,13366,2023-01-31
EASTRNLUB,1589.0,1589.0,1589.0,1589.0,165,2023-01-01
EBL,31.8,31.8,31.8,31.8,4542,2023-01-31
EBL,31.8,31.8,31.8,31.8,636,2023-01-01
ECABLES,202.5,206.0,196.0,199.5,160015,2023-01-31
ECABLES,195.7,198.4,187.1,189.3,30531,2023-01-01
EGEN,53.7,53.8,51.6,52.1,165768,2023-01-31
EGEN,51.9,52.4,49.5,49.9,114716,2023-01-01
EHL,106.7,111.9,106.0,108.4,2478818,2023-01-31
EHL,80.9,80.9,76.4,76.7,553280,2023-01-01
EIL,28.0,28.0,28.0,28.0,11972,2023-01-31
EIL,27.1,27.1,27.1,27.1,1223,2023-01-01
EMERALDOIL,28.6,28.6,28.6,28.6,14337,2023-01-31
EMERALDOIL,34.6,34.6,34.6,34.6,200,2023-01-01
EPGL,34.5,34.5,34.5,34.5,5,2023-01-31
EPGL,34.5,34.5,34.5,34.5,182,2023-01-01
EXIMBANK,10.4,10.4,10.4,10.4,6676,2023-01-31
EXIMBANK,10.4,10.4,10.4,10.4,2493,2023-01-01
FAMILYTEX,4.9,4.9,4.9,4.9,6,2023-01-31
FAMILYTEX,4.9,4.9,4.9,4.9,10502,2023-01-01
FARCHEM,10.6,10.6,10.6,10.6,6139,2023-01-31
FARCHEM,10.6,10.6,10.6,10.6,725,2023-01-01
FAREASTLIF,81.7,84.7,81.7,82.1,439038,2023-01-31
FAREASTLIF,75.0,75.0,75.0,75.0,20,2023-01-01
FBFIF,5.0,5.0,5.0,5.0,608400,2023-01-31
FBFIF,5.0,5.0,5.0,5.0,261872,2023-01-01
FEDERALINS,25.5,25.7,25.5,25.5,26272,2023-01-31
FEDERALINS,24.6,24.6,24.6,24.6,1072,2023-01-01
FEKDIL,17.2,17.2,17.2,17.2,700,2023-01-31
FEKDIL,17.2,17.2,17.2,17.2,479,2023-01-01
FINEFOODS,57.7,57.7,57.7,57.7,19817,2023-01-31
FINEFOODS,62.9,62.9,60.3,60.7,87782,2023-01-01
FIRSTSBANK,9.8,9.8,9.8,9.8,3311,2023-01-31
FIRSTSBANK,9.8,9.8,9.8,9.8,2837,2023-01-01
FORTUNE,75.7,75.7,75.7,75.7,1,2023-01-31
FORTUNE,75.7,75.7,75.7,75.7,464,2023-01-01
GBBPOWER,17.0,17.0,17.0,17.0,5438,2023-01-31
GBBPOWER,19.2,19.2,19.2,19.2,12,2023-01-01
GEMINISEA,428.0,432.6,411.9,416.3,372521,2023-01-31
GEMINISEA,370.0,371.8,355.0,358.2,63887,2023-01-01
GENEXIL,103.7,103.7,98.9,100.9,5733300,2023-01-31
GENEXIL,81.8,81.9,78.1,78.6,1090886,2023-01-01
GENNEXT,6.0,6.0,6.0,6.0,126103,2023-01-31
GENNEXT,6.0,6.0,6.0,6.0,2946,2023-01-01
GHCL,35.1,35.1,35.1,35.1,1,2023-01-31
GHCL,35.1,35.1,35.1,35.1,1,2023-01-01
GIB,9.0,9.0,9.0,9.0,6917,2023-01-31
GIB,9.0,9.0,9.0,9.0,7417,2023-01-01
GLDNJMF,9.9,9.9,9.9,9.9,10,2023-01-31
GLDNJMF,9.9,9.9,9.9,9.9,1000,2023-01-01
GLOBALINS,33.9,33.9,33.9,33.9,8331,2023-01-31
GLOBALINS,30.9,30.9,30.9,30.9,1911,2023-01-01
GOLDENSON,18.2,18.2,18.2,18.2,1,2023-01-31
GOLDENSON,18.2,18.2,18.2,18.2,100,2023-01-01
GP,286.6,286.6,286.6,286.6,9125,2023-01-31
GP,286.6,286.6,286.6,286.6,1154,2023-01-01
GPHISPAT,44.8,44.8,44.8,44.8,3331,2023-01-31
GPHISPAT,44.8,44.8,44.8,44.8,248,2023-01-01
GQBALLPEN,91.8,91.8,89.5,89.7,9944,2023-01-31
GQBALLPEN,98.4,100.9,97.3,97.3,16438,2023-01-01
GREENDELT,68.5,71.5,68.5,68.6,63523,2023-01-31
GREENDELT,65.1,65.1,65.1,65.1,710,2023-01-01
HAKKANIPUL,53.9,54.5,53.9,54.1,42324,2023-01-31
HAKKANIPUL,59.0,59.2,58.5,58.5,47330,2023-01-01
HFL,19.4,19.4,19.4,19.4,2126,2023-01-31
HFL,21.0,21.0,21.0,21.0,23,2023-01-01
HWAWELLTEX,45.3,46.0,45.1,45.1,23437,2023-01-31
HWAWELLTEX,45.0,45.3,45.0,45.2,25770,2023-01-01
IBNSINA,286.6,286.6,286.6,286.6,2435,2023-01-31
IBNSINA,286.6,286.6,286.6,286.6,850,2023-01-01
IBP,19.0,19.0,19.0,19.0,178,2023-01-31
IBP,16.4,16.4,16.4,16.4,12245,2023-01-01
ICB,87.6,87.6,87.6,87.6,273,2023-01-31
ICB,87.6,87.6,87.6,87.6,1000,2023-01-01
ICBIBANK,5.4,5.4,5.4,5.4,1,2023-01-31
ICBIBANK,5.4,5.4,5.4,5.4,510,2023-01-01
ICICL,40.4,40.4,40.4,40.4,6032,2023-01-31
ICICL,30.9,30.9,30.9,30.9,693,2023-01-01
IDLC,46.5,46.5,46.5,46.5,2241,2023-01-31
IDLC,46.5,46.5,46.5,46.5,3802,2023-01-01
IFADAUTOS,44.1,44.1,44.1,44.1,23,2023-01-31
IFADAUTOS,44.1,44.1,44.1,44.1,8100,2023-01-01
IFIC,11.5,11.5,11.5,11.5,162216,2023-01-31
IFIC,11.5,11.5,11.5,11.5,96019,2023-01-01
IMAMBUTTON,96.8,96.8,96.8,96.8,1,2023-01-31
IMAMBUTTON,119.4,119.4,119.4,119.4,3,2023-01-01
INDEXAGRO,103.6,103.6,103.6,103.6,90,2023-01-31
INDEXAGRO,103.6,103.6,103.6,103.6,5670,2023-01-01
INTECH,23.5,23.5,23.5,23.5,2796,2023-01-31
INTECH,29.0,29.0,29.0,29.0,65,2023-01-01
INTRACO,38.0,38.0,37.1,37.2,1404068,2023-01-31
INTRACO,40.0,41.3,39.1,39.9,2657357,2023-01-01
IPDC,57.6,57.6,57.6,57.6,1,2023-01-31
IPDC,57.6,57.6,57.6,57.6,12,2023-01-01
ISLAMIBANK,33.0,33.3,33.0,33.0,25366,2023-01-31
ISLAMIBANK,33.0,33.4,33.0,33.3,147315,2023-01-01
ISLAMIINS,42.5,42.8,42.5,42.5,58423,2023-01-31
ISLAMIINS,39.0,39.7,38.9,39.0,7553,2023-01-01
ISNLTD,48.0,48.5,48.0,48.0,42772,2023-01-31
ISNLTD,51.2,51.2,51.2,51.2,1741,2023-01-01
ITC,38.5,38.9,37.9,38.3,2574407,2023-01-31
ITC,34.0,34.0,33.3,33.4,240108,2023-01-01
JAMUNABANK,21.3,21.6,21.3,21.4,175752,2023-01-31
JAMUNABANK,21.3,21.3,21.3,21.3,2000,2023-01-01
JAMUNAOIL,167.3,174.0,167.3,170.0,130518,2023-01-31
JAMUNAOIL,167.3,167.3,167.3,167.3,2102,2023-01-01
JANATAINS,30.0,30.2,30.0,30.0,65242,2023-01-31
JANATAINS,28.4,28.4,28.4,28.4,6179,2023-01-01
JHRML,82.0,82.0,74.8,79.1,972522,2023-01-31
JHRML,73.7,73.7,71.6,72.0,336604,2023-01-01
JMISMDL,255.5,255.5,255.5,255.5,5,2023-01-31
JMISMDL,255.5,255.5,255.5,255.5,1761,2023-01-01
JUTESPINN,265.4,265.4,265.4,265.4,10,2023-01-31
JUTESPINN,329.9,329.9,329.9,329.9,803,2023-01-01
KARNAPHULI,31.3,31.8,31.3,31.3,17360,2023-01-31
KARNAPHULI,27.4,28.1,27.4,27.4,74514,2023-01-01
KAY&QUE,241.7,241.7,235.3,235.3,3446,2023-01-31
KAY&QUE,284.9,284.9,263.7,264.5,21562,2023-01-01
KBPPWBIL,11.0,11.0,11.0,11.0,620,2023-01-31
KBPPWBIL,13.2,13.2,13.2,13.2,1251,2023-01-01
KDSALTD,77.0,77.0,77.0,77.0,4000,2023-01-31
KDSALTD,77.0,77.0,77.0,77.0,1,2023-01-01
KEYACOSMET,6.4,6.4,6.4,6.4,47987,2023-01-31
KEYACOSMET,6.4,6.4,6.4,6.4,51198,2023-01-01
KOHINOOR,424.1,434.8,424.0,425.1,30881,2023-01-31
KOHINOOR,481.6,485.0,451.1,457.1,24909,2023-01-01
KPCL,26.6,26.6,26.6,26.6,2,2023-01-31
KPCL,26.6,26.6,26.6,26.6,501,2023-01-01
LANKABAFIN,26.0,26.0,26.0,26.0,10445,2023-01-31
LANKABAFIN,26.0,26.0,26.0,26.0,572,2023-01-01
LEGACYFOOT,46.7,46.7,46.7,46.7,2230,2023-01-31
LEGACYFOOT,55.7,55.7,55.7,55.7,75,2023-01-01
LHBL,64.8,64.8,64.8,64.8,33292,2023-01-31
LHBL,64.8,64.8,64.8,64.8,32836,2023-01-01
LIBRAINFU,688.7,688.7,688.7,688.7,543,2023-01-31
LIBRAINFU,849.0,849.0,849.0,849.0,16,2023-01-01
LINDEBD,1397.7,1397.7,1397.7,1397.7,47,2023-01-31
LINDEBD,1397.7,1397.7,1397.7,1397.7,34,2023-01-01
LOVELLO,37.9,37.9,37.9,37.9,7665,2023-01-31
LOVELLO,37.9,37.9,37.9,37.9,13260,2023-01-01
LRBDL,35.4,36.7,35.4,36.3,935975,2023-01-31
LRBDL,36.1,36.5,35.5,35.6,402763,2023-01-01
LRGLOBMF1,6.4,6.4,6.4,6.4,13,2023-01-31
LRGLOBMF1,6.4,6.4,6.4,6.4,10,2023-01-01
MAKSONSPIN,22.3,22.3,22.3,22.3,21026,2023-01-31
MAKSONSPIN,22.3,22.3,22.3,22.3,125,2023-01-01
MARICO,2421.5,2421.5,2421.5,2421.5,239,2023-01-31
MARICO,2421.5,2421.5,2421.5,2421.5,632,2023-01-01
MATINSPINN,77.6,77.6,77.6,77.6,200,2023-01-31
MATINSPINN,77.6,77.6,77.6,77.6,9,2023-01-01
MBL1STMF,6.6,6.6,6.6,6.6,25815,2023-01-31
MBL1STMF,6.6,6.6,6.6,6.6,18506,2023-01-01
MEGCONMILK,33.6,33.6,33.6,33.6,501,2023-01-31
MEGCONMILK,40.4,40.4,40.4,40.4,5,2023-01-01
MEGHNACEM,63.0,63.0,63.0,63.0,1159,2023-01-31
MEGHNACEM,68.5,68.5,65.0,65.7,29,2023-01-01
MEGHNAINS,35.5,35.5,35.5,35.5,4285,2023-01-31
MEGHNAINS,42.4,42.4,42.4,42.4,81,2023-01-01
MEGHNALIFE,92.0,94.7,91.1,91.8,1400599,2023-01-31
MEGHNALIFE,64.4,66.0,64.4,65.2,152803,2023-01-01
MEGHNAPET,32.4,32.4,32.4,32.4,2,2023-01-31
MEGHNAPET,39.0,39.0,39.0,39.0,1,2023-01-01
MERCANBANK,13.6,13.7,13.6,13.7,940037,2023-01-31
MERCANBANK,13.6,13.6,13.6,13.6,82518,2023-01-01
MERCINS,33.2,33.2,33.0,33.1,850,2023-01-31
MERCINS,31.9,31.9,31.0,31.8,2513,2023-01-01
METROSPIN,46.9,46.9,42.1,42.6,1070082,2023-01-31
METROSPIN,42.5,44.1,42.5,43.3,11148,2023-01-01
MIDASFIN,11.1,11.1,11.1,11.1,23952,2023-01-31
MIDASFIN,12.8,12.8,12.8,12.8,1,2023-01-01
MIRACLEIND,28.1,28.1,28.1,28.1,7952,2023-01-31
MIRACLEIND,32.5,32.5,32.5,32.5,40,2023-01-01
MIRAKHTER,50.8,50.8,50.8,50.8,15520,2023-01-31
MIRAKHTER,50.8,50.8,50.8,50.8,494,2023-01-01
MITHUNKNIT,16.5,16.5,16.5,16.5,1,2023-01-31
MITHUNKNIT,18.3,18.3,18.3,18.3,1,2023-01-01
MJLBD,86.7,86.7,86.7,86.7,6414,2023-01-31
MJLBD,86.7,86.7,86.7,86.7,483,2023-01-01
MONNOAGML,815.0,815.0,794.7,794.8,14798,2023-01-31
MONNOAGML,820.5,828.7,812.3,812.3,35107,2023-01-01
MONNOCERA,100.8,104.1,99.2,103.7,288163,2023-01-31
MONNOCERA,122.7,126.8,122.7,124.2,702056,2023-01-01
MONOSPOOL,262.0,264.5,255.1,259.4,76309,2023-01-31
MONOSPOOL,295.0,295.0,276.4,277.6,64423,2023-01-01
MPETROLEUM,198.6,198.6,198.6,198.6,16185,2023-01-31
MPETROLEUM,198.6,198.6,198.6,198.6,191,2023-01-01
MTB,16.7,16.7,16.6,16.6,2426,2023-01-31
MTB,16.7,16.9,16.7,16.8,2749,2023-01-01
NAVANACNG,22.4,23.0,22.4,22.4,261246,2023-01-31
NAVANACNG,24.0,24.0,24.0,24.0,12833,2023-01-01
NAVANAPHAR,77.6,79.3,77.1,77.6,413415,2023-01-31
NAVANAPHAR,78.5,79.6,75.0,75.6,395022,2023-01-01
NBL,8.3,8.3,8.3,8.3,1,2023-01-31
NBL,8.3,8.3,8.3,8.3,582,2023-01-01
NCCBANK,13.8,13.8,13.8,13.8,103845,2023-01-31
NCCBANK,13.8,13.8,13.8,13.8,838,2023-01-01
NCCBLMF1,7.2,7.2,7.2,7.2,2004,2023-01-31
NCCBLMF1,7.1,7.1,7.1,7.1,2076,2023-01-01
NEWLINE,45.1,45.1,45.1,45.1,37,2023-01-31
NEWLINE,45.1,45.1,45.1,45.1,47,2023-01-01
NFML,14.4,14.4,14.4,14.4,4301,2023-01-31
NFML,16.1,16.1,16.1,16.1,1,2023-01-01
NHFIL,47.4,48.2,47.1,47.3,678665,2023-01-31
NHFIL,42.3,42.3,41.8,41.8,59512,2023-01-01
NITOLINS,40.0,40.2,40.0,40.0,35844,2023-01-31
NITOLINS,41.3,41.3,41.3,41.3,1,2023-01-01
NORTHERN,202.5,202.5,202.5,202.5,202,2023-01-31
NORTHERN,248.0,249.0,239.5,239.5,7097,2023-01-01
NORTHRNINS,41.3,41.3,41.3,41.3,1970,2023-01-31
NORTHRNINS,39.3,39.3,39.3,39.3,10,2023-01-01
NPOLYMER,51.0,51.0,51.0,51.0,503,2023-01-31
NPOLYMER,51.0,51.0,51.0,51.0,1169,2023-01-01
NTC,598.2,604.0,598.2,600.3,2034,2023-01-31
NTC,605.1,611.0,605.1,610.0,5187,2023-01-01
NTLTUBES,79.5,79.5,79.5,79.5,706,2023-01-31
NTLTUBES,79.5,79.5,79.5,79.5,11,2023-01-01
OAL,9.9,9.9,9.9,9.9,172,2023-01-31
OAL,10.4,10.4,10.4,10.4,2421,2023-01-01
OLYMPIC,136.0,141.0,136.0,138.0,1869031,2023-01-31
OLYMPIC,124.7,124.7,121.0,121.2,61320,2023-01-01
ONEBANKLTD,11.7,11.7,11.6,11.6,582452,2023-01-31
ONEBANKLTD,10.2,10.3,10.1,10.2,180276,2023-01-01
ORIONINFU,350.0,359.8,336.0,337.9,163684,2023-01-31
ORIONINFU,566.0,566.0,495.0,530.8,338529,2023-01-01
ORIONPHARM,82.2,86.4,82.2,85.1,2226761,2023-01-31
ORIONPHARM,82.8,83.5,80.6,80.9,1087995,2023-01-01
PADMALIFE,48.2,48.8,48.2,48.2,260171,2023-01-31
PADMALIFE,45.5,45.5,44.8,44.8,111943,2023-01-01
PADMAOIL,209.2,209.2,209.2,209.2,2042,2023-01-31
PADMAOIL,209.2,209.2,209.2,209.2,425,2023-01-01
PAPERPROC,180.9,180.9,180.9,180.9,4364,2023-01-31
PAPERPROC,208.0,209.9,205.0,205.0,79758,2023-01-01
PARAMOUNT,43.5,43.5,43.5,43.5,17160,2023-01-31
PARAMOUNT,44.1,44.1,44.1,44.1,1975,2023-01-01
PDL,9.9,9.9,9.9,9.9,4385,2023-01-31
PDL,10.9,10.9,10.9,10.9,1712,2023-01-01
PENINSULA,27.4,27.4,27.4,27.4,1745,2023-01-31
PENINSULA,27.4,27.4,27.4,27.4,1253,2023-01-01
PEOPLESINS,37.0,37.0,37.0,37.0,7930,2023-01-31
PEOPLESINS,36.1,36.1,36.1,36.1,1970,2023-01-01
PHARMAID,790.7,790.7,790.7,790.7,22,2023-01-31
PHARMAID,790.7,790.7,790.7,790.7,76,2023-01-01
PHENIXINS,37.6,37.6,37.6,37.6,8264,2023-01-31
PHENIXINS,37.6,37.6,37.6,37.6,2561,2023-01-01
PHOENIXFIN,16.3,16.3,16.3,16.3,500,2023-01-31
PHOENIXFIN,16.3,16.3,16.3,16.3,5,2023-01-01
PHPMF1,5.2,5.2,5.2,5.2,120,2023-01-31
PHPMF1,5.2,5.2,5.2,5.2,1551,2023-01-01
PIONEERINS,78.9,80.9,77.6,78.1,511481,2023-01-31
PIONEERINS,71.5,71.5,71.5,71.5,10,2023-01-01
POPULARLIF,79.4,84.5,79.4,81.5,928236,2023-01-31
POPULARLIF,65.0,66.3,64.3,64.5,150142,2023-01-01
POWERGRID,52.4,52.4,52.4,52.4,65,2023-01-31
POWERGRID,52.4,52.4,52.4,52.4,351,2023-01-01
PRAGATIINS,70.4,72.5,70.0,71.9,138459,2023-01-31
PRAGATIINS,58.6,59.6,58.5,58.6,15225,2023-01-01
PRAGATILIF,163.3,166.8,161.8,162.4,192035,2023-01-31
PRAGATILIF,118.0,122.5,114.3,121.4,212902,2023-01-01
PREMIERBAN,13.4,13.4,13.3,13.3,252205,2023-01-31
PREMIERBAN,13.3,13.4,13.2,13.3,627211,2023-01-01
PREMIERCEM,44.5,44.5,44.5,44.5,100,2023-01-31
PREMIERCEM,44.5,44.5,44.5,44.5,61,2023-01-01
PREMIERLEA,7.4,7.4,7.4,7.4,5,2023-01-31
PREMIERLEA,6.9,6.9,6.9,6.9,244,2023-01-01
PRIMEBANK,19.5,19.6,19.4,19.6,137394,2023-01-31
PRIMEBANK,19.2,19.4,19.1,19.3,2615,2023-01-01
PRIMELIFE,60.5,61.5,60.5,60.5,106160,2023-01-31
PRIMELIFE,53.0,53.8,52.9,52.9,12515,2023-01-01
PRIMETEX,33.3,33.3,33.3,33.3,1,2023-01-31
PRIMETEX,39.6,39.6,39.6,39.6,11,2023-01-01
PROGRESLIF,85.5,87.4,85.3,85.3,113157,2023-01-31
PROGRESLIF,76.7,76.7,73.3,73.3,28135,2023-01-01
PROVATIINS,58.9,58.9,58.9,58.9,262,2023-01-31
PROVATIINS,58.9,58.9,58.9,58.9,11,2023-01-01
PTL,77.0,77.0,77.0,77.0,69,2023-01-31
PTL,77.0,77.0,77.0,77.0,40,2023-01-01
PUBALIBANK,26.3,26.4,26.3,26.3,15261,2023-01-31
PUBALIBANK,26.1,26.5,26.1,26.5,34108,2023-01-01
PURABIGEN,28.5,28.5,28.5,28.5,25666,2023-01-31
PURABIGEN,28.0,28.2,27.9,27.9,109596,2023-01-01
QUEENSOUTH,23.3,23.3,23.3,23.3,65,2023-01-31
QUEENSOUTH,24.7,24.7,24.7,24.7,1840,2023-01-01
RAHIMAFOOD,237.7,237.7,237.7,237.7,81,2023-01-31
RAHIMAFOOD,237.7,237.7,237.7,237.7,502,2023-01-01
RAHIMTEXT,166.9,166.9,166.9,166.9,51,2023-01-31
RAHIMTEXT,207.0,207.0,207.0,207.0,10,2023-01-01
RAKCERAMIC,42.9,42.9,42.9,42.9,1100,2023-01-31
RAKCERAMIC,42.9,42.9,42.9,42.9,390,2023-01-01
RANFOUNDRY,151.0,151.1,151.0,151.0,8514,2023-01-31
RANFOUNDRY,164.8,166.7,163.0,163.2,9369,2023-01-01
RECKITTBEN,4760.7,4760.7,4760.7,4760.7,67,2023-01-31
RECKITTBEN,4760.7,4760.7,4760.7,4760.7,26,2023-01-01
RELIANCE1,9.9,9.9,9.9,9.9,1200,2023-01-31
RELIANCE1,10.2,10.2,10.2,10.2,516,2023-01-01
RELIANCINS,63.8,65.2,63.6,64.1,28860,2023-01-31
RELIANCINS,59.8,59.8,57.5,58.1,13242,2023-01-01
RENATA,1217.9,1217.9,1217.9,1217.9,113,2023-01-31
RENATA,1217.9,1217.9,1217.9,1217.9,250,2023-01-01
RENWICKJA,776.8,776.8,774.2,775.0,138,2023-01-31
RENWICKJA,954.7,954.7,945.3,948.0,7,2023-01-01
REPUBLIC,35.2,35.3,35.1,35.1,9025,2023-01-31
REPUBLIC,33.1,33.1,33.1,33.1,530,2023-01-01
RINGSHINE,9.8,9.8,9.8,9.8,3,2023-01-31
RINGSHINE,9.8,9.8,9.8,9.8,249310,2023-01-01
RNSPIN,6.2,6.2,6.2,6.2,160,2023-01-31
RNSPIN,6.2,6.2,6.2,6.2,100,2023-01-01
ROBI,30.0,30.0,30.0,30.0,581,2023-01-31
ROBI,30.0,30.0,30.0,30.0,822,2023-01-01
RSRMSTEEL,18.1,18.1,18.1,18.1,227,2023-01-31
RSRMSTEEL,17.0,17.0,16.5,16.5,41252,2023-01-01
RUNNERAUTO,48.4,48.4,48.4,48.4,27003,2023-01-31
RUNNERAUTO,48.4,48.4,48.4,48.4,3,2023-01-01
RUPALIINS,29.1,29.1,29.1,29.1,26660,2023-01-31
RUPALIINS,26.3,26.3,26.3,26.3,2991,2023-01-01
RUPALILIFE,93.7,96.5,93.5,94.1,673064,2023-01-31
RUPALILIFE,79.5,80.0,78.8,79.0,59335,2023-01-01
SAFKOSPINN,22.8,22.8,22.8,22.8,116,2023-01-31
SAFKOSPINN,27.0,27.0,27.0,27.0,1,2023-01-01
SAIFPOWER,29.7,29.7,29.7,29.7,289,2023-01-31
SAIFPOWER,29.7,29.7,29.7,29.7,2066,2023-01-01
SAIHAMTEX,19.5,19.5,19.5,19.5,50762,2023-01-31
SAIHAMTEX,23.4,23.4,23.4,23.4,188,2023-01-01
SALVOCHEM,61.8,61.8,61.8,61.8,6,2023-01-31
SALVOCHEM,61.8,61.8,61.8,61.8,150,2023-01-01
SAMATALETH,57.5,58.0,57.5,57.5,3675,2023-01-31
SAMATALETH,66.8,66.8,66.8,66.8,11,2023-01-01
SAMORITA,68.7,68.7,67.8,67.8,41765,2023-01-31
SAMORITA,69.3,70.7,69.3,69.4,46105,2023-01-01
SANDHANINS,30.0,30.8,29.7,29.8,775592,2023-01-31
SANDHANINS,26.9,26.9,26.9,26.9,26762,2023-01-01
SAPORTL,32.9,32.9,31.6,31.8,2166118,2023-01-31
SAPORTL,30.2,30.3,29.0,29.1,1165204,2023-01-01
SBACBANK,10.6,10.6,10.6,10.6,3229,2023-01-31
SBACBANK,10.6,10.6,10.6,10.6,19,2023-01-01
SEAPEARL,280.1,285.0,257.0,263.5,1276673,2023-01-31
SEAPEARL,191.0,195.0,183.4,184.0,209286,2023-01-01
SEMLFBSLGF,8.4,8.4,8.4,8.4,100,2023-01-31
SEMLFBSLGF,8.4,8.4,8.4,8.4,1,2023-01-01
SEMLIBBLSF,8.5,8.5,8.5,8.5,3200,2023-01-31
SEMLIBBLSF,8.5,8.5,8.5,8.5,118,2023-01-01
SHAHJABANK,18.8,19.0,18.8,18.9,32434,2023-01-31
SHAHJABANK,19.1,19.1,18.8,18.8,80393,2023-01-01
SHURWID,15.8,15.8,15.8,15.8,10744,2023-01-31
SHURWID,18.0,18.0,18.0,18.0,21,2023-01-01
SHYAMPSUG,75.4,75.4,75.4,75.4,12,2023-01-31
SHYAMPSUG,92.8,92.8,92.8,92.8,1,2023-01-01
SIBL,12.3,12.3,12.3,12.3,1752,2023-01-31
SIBL,12.3,12.3,12.3,12.3,740,2023-01-01
SILCOPHL,23.4,23.4,23.4,23.4,15861,2023-01-31
SILCOPHL,23.4,23.4,23.4,23.4,19541,2023-01-01
SILVAPHL,21.6,21.6,21.6,21.6,1,2023-01-31
SILVAPHL,21.6,21.6,21.6,21.6,150,2023-01-01
SIMTEX,15.3,15.3,15.3,15.3,42325,2023-01-31
SIMTEX,16.7,16.7,16.7,16.7,42038,2023-01-01
SINGERBD,151.9,151.9,151.9,151.9,129,2023-01-31
SINGERBD,151.9,151.9,151.9,151.9,44,2023-01-01
SINOBANGLA,59.5,59.5,59.5,59.5,12943,2023-01-31
SINOBANGLA,59.9,59.9,58.3,58.3,94326,2023-01-01
SKICL,59.4,59.4,59.4,59.4,65028,2023-01-31
SKICL,57.2,57.6,57.1,57.1,176690,2023-01-01
SKTRIMS,25.3,25.3,24.7,24.7,145994,2023-01-31
SKTRIMS,23.6,23.6,23.6,23.6,4531,2023-01-01
SONALIANSH,380.8,418.2,380.8,410.1,140533,2023-01-31
SONALIANSH,469.9,474.0,465.2,465.2,20097,2023-01-01
SONALILIFE,69.5,72.0,69.5,70.0,792559,2023-01-31
SONALILIFE,60.2,60.2,58.6,59.8,126187,2023-01-01
SONALIPAPR,615.1,615.1,615.1,615.1,82,2023-01-31
SONALIPAPR,615.1,615.1,615.1,615.1,387,2023-01-01
SONARBAINS,51.6,51.6,51.6,51.6,42255,2023-01-31
SONARBAINS,47.2,47.2,47.2,47.2,6989,2023-01-01
SONARGAON,38.7,38.7,38.7,38.7,25,2023-01-31
SONARGAON,47.2,47.2,47.2,47.2,111,2023-01-01
SOUTHEASTB,13.8,13.8,13.8,13.8,117518,2023-01-31
SOUTHEASTB,13.8,13.8,13.8,13.8,3592,2023-01-01
SPCERAMICS,46.4,46.7,43.8,46.0,2360268,2023-01-31
SPCERAMICS,43.0,43.0,43.0,43.0,371,2023-01-01
SPCL,65.5,65.5,65.5,65.5,404,2023-01-31
SPCL,65.5,65.5,65.5,65.5,160,2023-01-01
SQUARETEXT,67.5,67.5,67.5,67.5,150,2023-01-31
SQUARETEXT,67.5,67.5,67.5,67.5,300,2023-01-01
SQURPHARMA,209.8,209.8,209.8,209.8,9964,2023-01-31
SQURPHARMA,209.8,209.8,209.8,209.8,6372,2023-01-01
SSSTEEL,16.6,16.6,16.6,16.6,7417,2023-01-31
SSSTEEL,16.6,16.6,16.6,16.6,1911,2023-01-01
STANCERAM,123.6,123.6,123.6,123.6,227,2023-01-31
STANCERAM,140.3,147.3,140.3,141.5,18598,2023-01-01
STANDARINS,45.4,45.8,45.4,45.4,29256,2023-01-31
STANDARINS,47.6,47.6,47.6,47.6,101,2023-01-01
STYLECRAFT,91.6,91.6,87.6,87.6,20486,2023-01-31
STYLECRAFT,99.8,99.8,99.8,99.8,13786,2023-01-01
SUMITPOWER,34.0,34.0,34.0,34.0,9,2023-01-31
SUMITPOWER,34.0,34.0,34.0,34.0,5000,2023-01-01
SUNLIFEINS,57.8,60.0,57.4,58.7,242759,2023-01-31
SUNLIFEINS,56.4,56.4,56.4,56.4,93120,2023-01-01
TAKAFULINS,48.7,49.0,48.7,48.8,177995,2023-01-31
TAKAFULINS,45.0,45.0,45.0,45.0,153,2023-01-01
TAMIJTEX,178.3,178.3,178.3,178.3,300,2023-01-31
TAMIJTEX,178.3,181.0,178.3,178.3,13850,2023-01-01
TOSRIFA,19.6,21.0,19.6,19.6,357973,2023-01-31
TOSRIFA,23.2,23.2,23.2,23.2,2,2023-01-01
TRUSTB1MF,5.6,5.6,5.6,5.6,5017,2023-01-31
TRUSTB1MF,5.6,5.6,5.6,5.6,29976,2023-01-01
TRUSTBANK,34.9,34.9,34.9,34.9,11487,2023-01-31
TRUSTBANK,34.9,34.9,34.9,34.9,156,2023-01-01
UCB,13.0,13.0,13.0,13.0,538,2023-01-31
UCB,13.0,13.0,13.0,13.0,1728,2023-01-01
UNILEVERCL,2849.0,2849.0,2849.0,2849.0,11,2023-01-31
UNILEVERCL,2849.0,2849.0,2849.0,2849.0,70,2023-01-01
UNIONBANK,9.3,9.3,9.3,9.3,3269,2023-01-31
UNIONBANK,9.3,9.3,9.3,9.3,287,2023-01-01
UNIONCAP,9.9,9.9,9.9,9.9,1700,2023-01-31
UNIONCAP,9.9,9.9,9.9,9.9,621,2023-01-01
UNIONINS,43.5,43.5,43.5,43.5,1124,2023-01-31
UNIONINS,37.0,37.1,37.0,37.0,38984,2023-01-01
UNIQUEHRL,67.9,69.7,67.9,68.5,1092047,2023-01-31
UNIQUEHRL,56.0,57.8,56.0,56.6,133026,2023-01-01
UNITEDFIN,15.8,15.8,15.8,15.8,5,2023-01-31
UNITEDFIN,15.8,15.8,15.8,15.8,1266,2023-01-01
UNITEDINS,42.7,42.7,42.7,42.7,3740,2023-01-31
UNITEDINS,45.3,45.3,45.3,45.3,201,2023-01-01
UPGDCL,233.7,233.7,233.7,233.7,95,2023-01-31
UPGDCL,233.7,233.7,233.7,233.7,76,2023-01-01
USMANIAGL,57.8,57.8,57.8,57.8,61,2023-01-31
USMANIAGL,70.4,70.4,70.4,70.4,1,2023-01-01
UTTARABANK,23.4,23.5,23.3,23.4,99550,2023-01-31
UTTARABANK,23.3,23.3,23.3,23.3,38331,2023-01-01
UTTARAFIN,33.8,33.8,33.8,33.8,1162,2023-01-31
UTTARAFIN,33.8,33.8,33.8,33.8,242,2023-01-01
WATACHEM,200.2,200.2,200.2,200.2,40,2023-01-31
WATACHEM,200.2,200.2,200.2,200.2,130,2023-01-01
WMSHIPYARD,11.0,11.0,11.0,11.0,504,2023-01-31
WMSHIPYARD,11.0,11.0,11.0,11.0,7,2023-01-01
YPL,18.1,18.1,18.1,18.1,21701,2023-01-31
YPL,18.7,18.7,18.7,18.7,14,2023-01-01
ZAHEENSPIN,10.1,10.1,10.1,10.1,1,2023-01-31
ZAHEENSPIN,12.3,12.3,12.3,12.3,100,2023-01-01
ZEALBANGLA,142.0,142.0,142.0,142.0,58,2023-01-31
ZEALBANGLA,170.8,170.8,170.8,170.8,1,2023-01-01
